Rank,Design_ID,Sequence,Design_Strategy,New_Final_Score,New_Risk_Penalty,Final_Aggregation_Risk_Flag,Score_Change_vs_Original
1,Truncated_05,PATGLVMYPQIGDKLDIICPKVDVGQYEYYKVYMVDKDQLDRCSWKKENTPLLNCAKPDQDIKWQFKFQEFSPNLWGLEFQKNKEYYIITTSNGSLEGLDNQDGGVCQTRAIKILMKVGHR,Lead-Opt,1.0,0,0,0.0
2,CTLA4_009,MACLGFQRHKAQLNLATRTWPCTLLFLLLFIPVFCKAMHVAQPAVVLASSRGIASFVCEYASPGKATEVRVTVLRQADSQVTEVCAATYMMGNELTFLDDAICTGTSSGNQVNLTIQGLRAMDTGLYICKVELMYPPPYYLGIGNGTQIYVIDPEPCPDSDFLLLWILAAVSSGLFFYSFLLTAVSLSKMLKKRSPLTTGVYVKMPPTEPECEKQFQPYFIPIN,DeNovo-Ortho,0.95910240491352,0,1,0.3999999999999999
3,CTLA4_003,MACLGFQRHKAQLNLATRTWPCTLLFLLLFIPVFCKAMHVAQPAVVLASSRGIASFVCEYASPGKATEVRVTVLRQADSQVTEVCAATYMMGNELTFLDDAICTGTSSGNQVNLTIQGLRAMDTGLYICKVELMYPPPYYLGIGNGTQIYVIDPEPCPDSDFLLLWILAAVSSGLFFYSFLLTAVSLSKMLKKRSPLTTGVYVKMPPTEPECEKQFQPYFIPIN,DeNovo-Ortho,0.95910240491352,0,1,0.3999999999999999
4,Ankyrin_031,MAKAPSWAGVGALAYKAPEALPWPEAVMDGTMEDSEAVQRATALIIEQRLAQEEENEKLRGDARQKLPMDLLVLEDEKHHGAQSAALQKVKGQERVRKTSLVDLRREIIDVGGIQNLIELRKKRKQKKRDALAASHEPRPEPEITGPVDEETFLKAAAVEGKMKVIEKFLADGGSADTCDQFRRTALHRASCLEGHMEILEKILLDNGATVDFQDRLVDCTAMHWACRGGHLEVVKLLQSHGADTNVRDKLLSTPLHVAVRTGQVEIVEHFLSLGLEINARDREGDTALHVDAVRLNRYKIRLLLLLHGADMMTKNLAGRKTPTDLVQLWQADTRHALEHPEPGAEHNGLEGPNDSGRETPQPVPAQ,DeNovo-Ortho,0.9154343136807728,0,1,0.6000000000000003
5,CTLA4_001,MACLGFQRHKAQLNLATRTWPCTLLFLLLFIPVFCKAMHVAQPAVVLASSRGIASFVCEYASPGKATEVRVTVLRQADSQVTEVCAATYMMGNELTFLDDAICTGTSSGNQVNLTIQGLRAMDTGLYICKVELMYPPPYYLGIGNGTQIYVIDPEPCPDSDFLLLWILAAVSSGLFFYSFLLTAVSLSKMLKKRSPLTTGVYVKMPPTEPECEKQFQPYFIPIN,DeNovo-Ortho,0.8561044952840647,0,1,0.4
6,CTLA4_013,MACLGFQRHKAQLNLATRTWPCTLLFLLLFIPVFCKAMHVAQPAVVLASSRGIASFVCEYASPGKATEVRVTVLRQADSQVTEVCAATYMMGNELTFLDDAICTGTSSGNQVNLTIQGLRAMDTGLYICKVELMYPPPYYLGIGNGTQIYVIDPEPCPDSDFLLLWILAAVSSGLFFYSFLLTAVSLSKMLKKRSPLTTGVYVKMPPTEPECEKQFQPYFIPIN,DeNovo-Ortho,0.8561044952840647,0,1,0.4
7,Truncated_10,SKALPGTGWVLYPQIGDKLDIMCPRVDVGQYEYQKVYMVDKDQADRCTFKKENTPLLNCAKPDQDIKFTFKFQEFSPNLWGLELQKNKDYYIWSTSSGSAEGLDYQDGGVCQTRAMKILMKVGHH,Lead-Opt,0.8008223702871113,0,0,0.0
8,Thioredoxin_039,MVKQIESKTAFQEALDAAGDKLVVVDFSATWCGPCKMIKPFFHSLSEKYSNVIFLEVDVDDCQDVASECEVKCMPTFQFFKKGQKVGEFSGANKEKLEATINELV,DeNovo-Ortho,0.8,1,0,0.40000000000000013
9,Thioredoxin_045,MVKQIESKTAFQEALDAAGDKLVVVDFSATWCGPCKMIKPFFHSLSEKYSNVIFLEVDVDDCQDVASECEVKCMPTFQFFKKGQKVGEFSGANKEKLEATINELV,DeNovo-Ortho,0.8,1,0,0.40000000000000013
10,MP024,KILDTVILESLETVDLWIVLALLMVVAVVVAV,DeNovo-Allo,0.8,1,0,0.20000000000000007
11,Thioredoxin_049,MVKQIESKTAFQEALDAAGDKLVVVDFSATWCGPCKMIKPFFHSLSEKYSNVIFLEVDVDDCQDVASECEVKCMPTFQFFKKGQKVGEFSGANKEKLEATINELV,DeNovo-Ortho,0.6970020903705447,1,0,0.40000000000000013
12,Thioredoxin_037,MVKQIESKTAFQEALDAAGDKLVVVDFSATWCGPCKMIKPFFHSLSEKYSNVIFLEVDVDDCQDVASECEVKCMPTFQFFKKGQKVGEFSGANKEKLEATINELV,DeNovo-Ortho,0.6970020903705447,1,0,0.40000000000000013
13,Thioredoxin_043,MVKQIESKTAFQEALDAAGDKLVVVDFSATWCGPCKMIKPFFHSLSEKYSNVIFLEVDVDDCQDVASECEVKCMPTFQFFKKGQKVGEFSGANKEKLEATINELV,DeNovo-Ortho,0.6970020903705447,1,0,0.40000000000000013
14,MP027,VVAVRSIDETVDISSIFDWILLIAMAILILAIIVFQIQAGN,DeNovo-Allo,0.6730405168528071,1,0,0.20000000000000007
15,MP023,VKITSQSEEVSICSILLTLFAVVIAVIFALVTVLLFASAIVVLNAQVVRN,DeNovo-Allo,0.6669404517453794,1,1,0.0
16,Truncated_06,LPGQGLVLYPQIGDKLDIICPKVEVAQYEYYKVYMVERDQIDRCTIKKENTPLFNCAKADQDIKFYIKFQEFSPNLWGLEIQKNKEYYIISTYNGSLEGLENQDGGACYTRAMKILMKVGHH,Lead-Opt,0.6172491761547567,0,0,0.0
17,MP005,VLEILRDLQDIDEDIQVELDILTVAMFTMMMIIMWLLLLVFVRNLSVS,DeNovo-Allo,0.6109171800136892,1,0,0.20000000000000012
18,MP022,VLLESEILVVEESIIFIIVFVTFVVIFVRQT,DeNovo-Allo,0.5873749751606276,1,0,0.20000000000000007
19,MP041,RVAIASAFIDISEDSQESVAMLLFVVMMLLIAWAVTMFWKSTTNDAA,DeNovo-Allo,0.5817729040150288,1,0,0.2
20,MP001,NITEAIVDESNLQTEAAIFAMLIIVVWLIMIVITVVEQ,DeNovo-Allo,0.5795309629309411,1,0,0.2
21,MP026,NAQDDDDTLVDIINNLWDVLLFVLVFAVSLLLAEIVA,DeNovo-Allo,0.5461013374771073,1,0,0.20000000000000012
22,MP002,NQAVKVSETVNELLIIQEVLLMAVMMIIVSAAALIIVLEIL,DeNovo-Allo,0.5444082736515246,2,1,0.0
23,MP025,VRQTIDVDDTILVILDQDLLLLFVALVVMMITLLNALRN,DeNovo-Allo,0.5372716263886692,1,0,0.2
24,MP049,QVVAQQWQNFQIIVDLFDSIWFFVTSLMLALIVIRVIEQ,DeNovo-Allo,0.5372716263886692,1,0,0.2
25,MP009,LAQVVISETSLWDLDECLAIAAFTAVLVILLVQVTR,DeNovo-Allo,0.5113848961898237,1,0,0.20000000000000007
26,MP018,TILDLFVDFSFDVQCMVIFALLVTLLVMVILIKNQTTG,DeNovo-Allo,0.5033394574732515,1,0,0.2
27,MP013,SKGAQDQIDVNISSSTSWLWSVFILVFIIIALLALKSQ,DeNovo-Allo,0.4747649411001835,0,0,0.2
28,Ankyrin_022,MAKAPSWAGVGALAYKAPEALPWPEAVMDGTMEDSEAVQRATALIIEQRLAQEEENEKLRGDARQKLPMDLLVLEDEKHHGAQSAALQKVKGQERVRKTSLVDLRREIIDVGGIQNLIELRKKRKQKKRDALAASHEPRPEPEITGPVDEETFLKAAAVEGKMKVIEKFLADGGSADTCDQFRRTALHRASCLEGHMEILEKILLDNGATVDFQDRLVDCTAMHWACRGGHLEVVKLLQSHGADTNVRDKLLSTPLHVAVRTGQVEIVEHFLSLGLEINARDREGDTALHVDAVRLNRYKIRLLLLLHGADMMTKNLAGRKTPTDLVQLWQADTRHALEHPEPGAEHNGLEGPNDSGRETPQPVPAQ,DeNovo-Ortho,0.4724387098290383,0,1,0.6
29,MP037,VVLVLFDSSIIQDNLCFFITMLVLSVVLSLITRDGVV,DeNovo-Allo,0.46812808701925696,1,0,0.19999999999999996
30,MP042,DNATKFVSNEDTILTTFIVVAWLLLLTLLIALAIADTVK,DeNovo-Allo,0.46277049439267065,1,0,0.20000000000000007
31,MP033,RSERESGLDDDITELVQLMVAWAWFALLIILWIMIVLWKSLERVN,DeNovo-Allo,0.455030800821355,1,0,0.2
32,MP031,VINSFLSSDEEINTMVMMMITIMSLLVLSVVV,DeNovo-Allo,0.44579055441478416,1,0,0.19999999999999996
33,MP046,IANAKRIVEELFLDFTVECITIALFSSVLVAAFLTLVLFIQVVAQQL,DeNovo-Allo,0.4453405565992393,2,1,-5.551115123125783e-17
34,MP047,TQILVDSFFLDIVVSDALLLAAISSWFAFLDGEE,DeNovo-Allo,0.43763739582075106,1,0,0.20000000000000007
35,MP011,VKSQKVEITEDDIELIATLFMLMWFLTILVLFTMIEADTV,DeNovo-Allo,0.4242299794661188,1,0,0.2000000000000001
36,MP010,QTKLRKDSLVSSWVIDLEDDLALVFILLVIITILAAIVLLSMSKGARE,DeNovo-Allo,0.4235455167693359,1,1,0.0
37,MP003,QKIKQEIEENVINNLELIMILFVTVAALIMVIVSLFLAFASEVNAI,DeNovo-Allo,0.41653423801446265,2,1,5.551115123125783e-17
38,CTLA4_010,MACLGFQRHKAQLNLATRTWPCTLLFLLLFIPVFCKAMHVAQPAVVLASSRGIASFVCEYASPGKATEVRVTVLRQADSQVTEVCAATYMMGNELTFLDDAICTGTSSGNQVNLTIQGLRAMDTGLYICKVELMYPPPYYLGIGNGTQIYVIDPEPCPDSDFLLLWILAAVSSGLFFYSFLLTAVSLSKMLKKRSPLTTGVYVKMPPTEPECEKQFQPYFIPIN,DeNovo-Ortho,0.4131088799900929,0,1,0.39999999999999997
39,CTLA4_016,MACLGFQRHKAQLNLATRTWPCTLLFLLLFIPVFCKAMHVAQPAVVLASSRGIASFVCEYASPGKATEVRVTVLRQADSQVTEVCAATYMMGNELTFLDDAICTGTSSGNQVNLTIQGLRAMDTGLYICKVELMYPPPYYLGIGNGTQIYVIDPEPCPDSDFLLLWILAAVSSGLFFYSFLLTAVSLSKMLKKRSPLTTGVYVKMPPTEPECEKQFQPYFIPIN,DeNovo-Ortho,0.4131088799900929,0,1,0.39999999999999997
40,CTLA4_004,MACLGFQRHKAQLNLATRTWPCTLLFLLLFIPVFCKAMHVAQPAVVLASSRGIASFVCEYASPGKATEVRVTVLRQADSQVTEVCAATYMMGNELTFLDDAICTGTSSGNQVNLTIQGLRAMDTGLYICKVELMYPPPYYLGIGNGTQIYVIDPEPCPDSDFLLLWILAAVSSGLFFYSFLLTAVSLSKMLKKRSPLTTGVYVKMPPTEPECEKQFQPYFIPIN,DeNovo-Ortho,0.4131088799900929,0,1,0.39999999999999997
41,MP015,VEDTESLVTEVVVTVLIISLLMLVITITILD,DeNovo-Allo,0.405219580049016,1,0,0.2000000000000001
42,Truncated_09,LPGQGLVLTPQIGDKLDIICPKVDVAQYDYYKVYMVDKDQAEKCNIKKENTPLLNCAKPDQDIKFTIKFQEFSPNLWGLDFQKNKDYYIISTSNGSLEGLDNQEGGVCQQRLMKALMKVAHH,Lead-Opt,0.4026921540295475,0,0,0.0
43,MP006,ASEVNADWIVQTWQQQLFAIILILIATFFLVIMMLSLAQVKKE,DeNovo-Allo,0.3934673606800059,2,1,0.0
44,MP043,DNKETLIIVQDDEEWDDEVLWVLFVVMAIALIANA,DeNovo-Allo,0.3934291581108827,1,0,0.2000000000000001
45,MP007,AGTQETVELELDEVWSILALFFWLALIVSVLFTLQTKLR,DeNovo-Allo,0.38826936239667215,1,0,0.20000000000000004
46,MP045,ADTVKEDIDSTVLSIFVEDVAIIISILSFAITVFIALFSQAKD,DeNovo-Allo,0.3878897855880807,1,0,0.2000000000000001
47,MP016,LKSQKLLLFDDTDILCEFVIIWLSLFLLATMWFFLFIALLGQADKDV,DeNovo-Allo,0.3817729040150287,2,1,-5.551115123125783e-17
48,MP034,SVVVTKLNIVQSQSSDDEAILWMLVTLSILILLATFLFILISVVLVLSS,DeNovo-Allo,0.37789883920714107,2,1,5.551115123125783e-17
49,MP039,RKSGEAITFWEEEEEDDLFLLILILALSWVILLMFILWVFMLVDNATKV,DeNovo-Allo,0.37789883920714107,2,1,5.551115123125783e-17
50,MP030,QIQDLVDIFLDCTASVAFLIIVMFVIRSER,DeNovo-Allo,0.3626283367556465,1,0,0.2000000000000001
51,MP038,GAKKTSLWNDLEFILDFDEVFSTLLIIILLRVAI,DeNovo-Allo,0.35369005918589175,1,0,0.20000000000000004
52,MP035,ETQDSLEQTEIWDFLDLLLILIIIVFLLVIMGAKKT,DeNovo-Allo,0.3516769336071182,1,0,0.2
53,MP029,EIVAVEVDWIQDDDTDLIVLVSILTFFLMLAIIKGSKK,DeNovo-Allo,0.3509564465578729,1,0,0.2000000000000001
54,Truncated_07,GQGAVWYPQIGEKLDIICPKVDLAQYEYQKVYMVDKDQADRCTVHKENTPLLNCAKPDQDIKFTIKFQEFSPNLWSLEMQKNKDYYAISTSYGSLEGLESQEGGVCQTRAVKILMKVGHH,Lead-Opt,0.3327278920041049,0,0,0.0
55,MP036,KSLERVNEDEEELLITDDIESLFFVVWLMITFFFFLWVLAWMRKSGEAS,DeNovo-Allo,0.33233038595314895,1,0,0.20000000000000007
56,MP028,NALRNAQEDDESTVLDLAIALTVWLLLMLLVILWIMVINVTDS,DeNovo-Allo,0.3249415023160307,2,1,0.0
57,MP014,EADEQFITLDITELLVDDLFVAFLAAVSSDA,DeNovo-Allo,0.31414188249321023,1,0,0.20000000000000004
58,MP019,GQADNIETVDDLCDAVAVVTTMAIILVLLVE,DeNovo-Allo,0.31414188249321023,1,0,0.20000000000000004
59,MP044,KSTTDQIESIINSEVILVLAFAIFVSALLLTQIIS,DeNovo-Allo,0.3115869756526836,1,0,0.2
60,Truncated_02,LAGQSLVLYPQIGDKLDIICAKVDVSQYEYTKVYMVDKDQADRCTIKKENTPLLNCAKPDQDIKFTIKFQEFSPNLWGLDFQKNKDYTMISTSNGQLDGWDNSDGGFCQTRAWKILMKVGHH,Lead-Opt,0.2954136429669426,0,0,0.0
61,Truncated_04,GYGLVLYPQIGDKLDIMCPKVDVGQYEYYKVYMLDRDQADRCTIHKENTPLMNCAKADQDIKFTAKFQEFSPNLWGLEFQKNKDYYIISTSNGSLEGIENQESGVCQTRAMKIFLKVAHH,Lead-Opt,0.2683608574957628,0,0,0.0
62,Thioredoxin_046,MVKQIESKTAFQEALDAAGDKLVVVDFSATWCGPCKMIKPFFHSLSEKYSNVIFLEVDVDDCQDVASECEVKCMPTFQFFKKGQKVGEFSGANKEKLEATINELV,DeNovo-Ortho,0.2540064750765728,1,0,0.4
63,Thioredoxin_040,MVKQIESKTAFQEALDAAGDKLVVVDFSATWCGPCKMIKPFFHSLSEKYSNVIFLEVDVDDCQDVASECEVKCMPTFQFFKKGQKVGEFSGANKEKLEATINELV,DeNovo-Ortho,0.2540064750765728,1,0,0.4
64,MP048,SQAKVDEDVVEFFQWTWMSWVVALVSLSLLDLEKK,DeNovo-Allo,0.22974479319448476,1,0,0.19999999999999996
65,MP021,KNQTTDEEENLVTEWLFIVVAAILFVVLILIVIAKILNKT,DeNovo-Allo,0.22422997946611867,2,1,-2.7755575615628914e-17
66,MP020,ETLRQASIVIIWCQVEEDLIILMVVFITTVLMVAISVVKITSQQ,DeNovo-Allo,0.22198991973119264,2,1,5.551115123125783e-17
67,Variant_02_HT5,IVLEPISWNNSQDKFLAGQGLVLYPQIGEKLDIICPKVDIGQYEYNKVYMVDKEQADRCTIKKENTPLWNCAKADQDIKFTIRFQEFSPNLWGLEFQKKKDYYIISTSNGNLESLDNQEASVCQNRAMKIFMKIGHH,Lead-Opt,0.2126317755130091,0,0,0.2
68,Variant_04_HT4,IVLEPIYFNQSNTKFDPGQGAMLYPQIGDKGDIICPKVDVGQYDYYKVYMVDKDQADRCTIKKENTPLLNCAKADQDFKFTIKFDEFSPNLWSLEFQKNRDYYAISTQNGNLEGLDSQEGSVCQTRAVKILMKVGHR,Lead-Opt,0.2068396813854516,0,0,0.2
69,MP008,VRNLSEDVDSSQDVDAVFLFFITLVLITSVSIAVLVKSQK,DeNovo-Allo,0.20554414784394232,1,0,0.19999999999999993
70,Variant_04_HT5,IVLEPIYFNQSNDKFIPGQGAMLYPQIGDKLDIICPKVDVGQYDYYKVYMVDKDQADRCTIKKENTPLLNCAKADQDFKFTIRFQEFSPNLWSLEFQKKRDYYAISTQNGNLEGLDSQEGSVCQTRAVKILMKVGHR,Lead-Opt,0.1911762175589296,0,0,0.1999999999999999
71,Variant_02_HT2,IVLEPISWNNKQSKFLAGQGLILYPQIGEKLDIICPKVDIGQYEYNKVYMVDKEQADRCTIKKENTPLWNCAKADQDIKFTIKFQEFSPNLWGLERQKSKDYYIISTSYGNLESLDNQEASVCQNRAMKIFMKIGHH,Lead-Opt,0.1892516922389351,0,0,0.1999999999999999
72,MP004,TVVEQDENEETLCISVLIMLVLILVWAIILVVMAGTQEK,DeNovo-Allo,0.18826936239667214,2,1,2.7755575615628914e-17
73,Variant_04_HT1,IVLEPWYFNQSNTKFIPGQGAMLYPQIGDKLDIICPKVDVGQYDYYKVYMVDKDQADRCTIKKENTPLLNCAKADQDFKFTRKFQEFSPNLWSLEFQKNRRYYAISTQNGNLEGLDSQEGSVCQTRAVKILMKVGHR,Lead-Opt,0.1844038873236732,0,0,0.19999999999999998
74,MP032,KGSTLNTNLWLNFDDVVLLLVFIIVWISETQD,DeNovo-Allo,0.1801334702258725,1,0,0.1999999999999999
75,Variant_02_HT3,IVLEPISWNNSQSKFLAGQGLVLYPAIGEKLDIICPKVDIGQYEYNKVYMVDKEQADRCTIKKENTPLWNCAKADQDINFTIKFQEFSPNLWGLEFQKSKDYYIIQTSYGNLESLDNQEASVCQNRAMKIFMKIGHH,Lead-Opt,0.172837120294948,0,0,0.4
76,Variant_09_HT5,IVLEPIYWYSSNDKFLPGQGVVLYPQIGEKLDIICPRVDVGQYEYYKVYMVDHEQADRCTIKKENTPLLNCAKPDQDIKFTIRFQEFSPNLWALEFQKKKDYSIISTQNASMEGADNQEGGVCQNRAMKALAKFAKH,Lead-Opt,0.1677961342848553,0,0,0.19999999999999998
77,Variant_04_HT2,IVLEPIYFNQKNTKFIPGQGLMLYPQIGDKLDIICPKVDVGQYDYYKVYMVDKDQADRCTIKKENTPLLNCAKADQDFKFTIKFQEFSPNLWSLERQKNRDYYAISTQNGNLEGLDSQEGSVCQTRAVKILMKVGHR,Lead-Opt,0.1677961342848553,0,0,0.19999999999999998
78,Variant_05_HT2,IFLDPIYWTSKQSKFIPGQGLILYPQIGDKLDIICPKVDVSQYEYYKVYMVDKDQFDKCTIKKENTPLFNCAKPDQDIKFTIKFQEFSPNLWGLERQKNKDYQIISTTNSSLDGLDTQEGGVCQTRAMKILMKVGHH,Lead-Opt,0.1677961342848553,0,0,0.19999999999999998
79,Variant_04_HT3,IVLEPIYFNQSNTKFIPGQGAMLYPAIGDKLDIICPKVDVGQYDYYKVYMVDKDQADRCTIKKENTPLLNCAKADQDFNFTIKFQEFSPNLWSLEFQKNRDYYAIQTQNGNLEGLDSQEGSVCQTRAVKILMKVGHR,Lead-Opt,0.1513815623408682,0,0,0.19999999999999998
80,Variant_01_HT5,IVLEALYWNNSQSKFLAGQGLVLYPQIGEKLDIICPKVDIGQYEYNKVYMVDKEQADRCTIKKENTPLWNCAKADQDIKFTRKFQEFSPNLWGLEFQKSKRYYIISTSYGNLESLDNQEASVCQNRAMKIFMKIGHH,Lead-Opt,0.14826510165076992,0,0,0.4
81,Variant_09_HT3,IVLEPIYWYSSNSKFLPGQGVVLYPAIGEKLDIICPRVDVGQYEYYKVYMVDHEQADRCTIKKENTPLLNCAKPDQDINFTIKFQEFSPNLWALEFQKNKDYSIIQTSNASMEGADNQEGGVCQNRAMKALAKFAKH,Lead-Opt,0.1475321510547768,0,0,0.4
82,C_trunc_10,IVLEPISIYSSNSKFLPGQGMVMYPQIGEKLDIICPKVEVGQYDYYKVYMVDKDQADKCTIHKENTPLLNCAKPDQDIKFQIKLQEFSPNLWGLEIQKNKEYYIWSTSN,Lead-Opt,0.1463405763307755,0,0,0.0
83,Variant_04,IVLEPIYFNQSNTKFIPGQGAMLYPQIGDKLDIICPKVDVGQYDYYKVYMVDKDQADRCTIKKENTPLLNCAKADQDFKFTIKFQEFSPNLWSLEFQKNRDYYAISTQNGNLEGLDSQEGSVCQTRAVKILMKVGHR,Lead-Opt,0.1287340690166843,0,0,0.1999999999999999
84,Variant_02_HT1,IVLEPWSWNNSQSKFLAGQGLVLYPQIGEKLDIICPKVDIGQYEYNKVYMVDKEQADRCTIKKENTPLWNCAKADQDIKFTRKFQEFSPNLWGLEFQKSKRYYIISTSYGNLESLDNQEASVCQNRAMKIFMKIGHH,Lead-Opt,0.1277356753875143,0,0,0.2
85,Variant_01_HT2,IVLEALYWNNKQSKFLAGQGLILYPQIGEKLDIICPKVDIGQYEYNKVYMVDKEQADRCTIKKENTPLWNCAKADQDIKFTIKFQEFSPNLWGLERQKSKDYYIISTSYGNLESLDNQEASVCQNRAMKIFMKIGHH,Lead-Opt,0.12488501837669581,0,0,0.3999999999999999
86,Variant_09_HT2,IVLEPIYWYSKNSKFLPGQGLVLYPQIGEKLDIICPRVDVGQYEYYKVYMVDHEQADRCTIKKENTPLLNCAKPDQDIKFTIKFQEFSPNLWALERQKNKDYSIISTSNASMEGADNQEGGVCQNRAMKALAKFAKH,Lead-Opt,0.1248850183766958,0,0,0.1999999999999999
87,Variant_09,IVLEPIYWYSSNSKFLPGQGVVLYPQIGEKLDIICPRVDVGQYEYYKVYMVDHEQADRCTIKKENTPLLNCAKPDQDIKFTIKFQEFSPNLWALEFQKNKDYSIISTSNASMEGADNQEGGVCQNRAMKALAKFAKH,Lead-Opt,0.1248850183766958,0,0,0.1999999999999999
88,Variant_17,IFLEPIYFNSSNSKMLAGYGLVLQPQIGDKLDIICPKVEVGYYEYYKVYMVDKDQAERCTIKKENTPLLNCAKPDQDIKFTIKFQEFSPNLWSLEFQKQRDYYIISQQNGSIEGLDTQEGGVCQTKAMHMLMKVGHR,Lead-Opt,0.1072785110626045,0,0,0.0
89,Variant_05_HT1,IFLDPWYWTSSQSKFIPGQGLALYPQIGDKLDIICPKVDVSQYEYYKVYMVDKDQFDKCTIKKENTPLFNCAKPDQDIKFTRKFQEFSPNLWGLEFQKNKRYQIISTTNSSLDGLDTQEGGVCQTRAMKILMKVGHH,Lead-Opt,0.1062797567873315,0,0,0.1999999999999999
90,Variant_03_HT1,IVLEPWYWTYSNSKFLPGQGLVLYPQIGDKLDIICPHVEIGQYEYYKVYMIDKDQAEHCTIKKENTPLLNCAKADQDIKFYRKFQEFSPNLWGLEFQKNKRYYIISTSNGSMDGLDNQEGGWCQTRAVHILVKVGHH,Lead-Opt,0.1062797567873315,0,0,0.39999999999999986
91,Variant_08_HT5,IVVEPIYVNSSNDHFLPGQGLVIYPQIGDKLDIICPKVDVSQYEYYKVYMVDKDQADRCTIKKENTPLLNCAKPDQDIKFTIRFQEFSPNLWGLDFQKKKDYYIISTQNAYLEGLDNQEGGVCYTRAMKILMKVGHK,Lead-Opt,0.1053539857426103,0,0,0.1999999999999999
92,Variant_06_HT5,IMLDPIYWNYSNDKFLAGQGLVLYPQIGDKLDIICPKVEMGTYEYYKVYMVDKDQADRCNIKKENTPLLNAAKPDQDIKFTIRFQEFSPNLWGLDIQKKKDYYIISSQNGNLEGLENQEGGVCSTKAMKILMKVGHH,Lead-Opt,0.1053539857426103,0,0,0.1999999999999999
93,Variant_24,IVLEPIYWNSSNSKFLAGQGLVLYAQIGEKLDIICPHVDIGQYDYYKVYMADKDQIERATIHKENTPLLNCAKPDQDIKFTIKFQEFSPNLWGLEFQKQKDYYIISTSQGSLEGLDNQEGGVCQTRAMRWLMRVAKH,Lead-Opt,0.1034287391304099,0,0,0.1999999999999999
94,Variant_09_HT1,IVLEPWYWYSSNSKFLPGQGVVLYPQIGEKLDIICPRVDVGQYEYYKVYMVDHEQADRCTIKKENTPLLNCAKPDQDIKFTRKFQEFSPNLWALEFQKNKRYSIISTSNASMEGADNQEGGVCQNRAMKALAKFAKH,Lead-Opt,0.102430706147343,0,0,0.1999999999999999
95,Variant_03_HT2,IVLEPWYWTYKNSKFLPGQGLILYPQIGDKLDIICPHVEIGQYEYYKVYMIDKDQAEHCTIKKENTPLLNCAKADQDIKFYIKFQEFSPNLWGLERQKNKDYYIISTSNGSMDGLDNQEGGWCQTRAVHILVKVGHH,Lead-Opt,0.0896720037485133,0,0,0.3999999999999999
96,C_trunc_07,IVLDPIYWNSSYSKFMPGQGLFLYAQIGDKLDIICPKVDMGQYEYYKVYMVDKEQVDRCTWKKENTPLLNCAKPDQDIKFSIKIQEFSPNLWGLEFQKNKDQYIFST,Lead-Opt,0.0819731811763304,0,0,0.0
97,Variant_08_HT2,IVVEPIYVNSKNYHFLPGQGLIIYPQIGDKLDIICPKVDVSQYEYYKVYMVDKDQADRCTIKKENTPLLNCAKPDQDIKFTIKFQEFSPNLWGLDRQKNKDYYIISTSNAYLEGLDNQEGGVCYTRAMKILMKVGHK,Lead-Opt,0.0819731811763304,0,0,0.1999999999999999
98,Variant_06_HT2,IMLDPIYWNYKNSKFLAGQGLILYPQIGDKLDIICPKVEMGTYEYYKVYMVDKDQADRCNIKKENTPLLNAAKPDQDIKFTIKFQEFSPNLWGLDRQKNKDYYIISSSNGNLEGLENQEGGVCSTKAMKILMKVGHH,Lead-Opt,0.0819731811763304,0,0,0.1999999999999999
99,Truncated_03,LVLTAQIGEKLDIICPRVDVSTYEYYKVYMVDKDQAERCTIKKENTPLLNCAKADQDLKFTIKFQEFSPNLWGIEVQKNKDYYIISTSNGSLEGVENQEGGVCQTRAMKFLMKVGHH,Lead-Opt,0.0800772646133539,0,0,0.1999999999999999
100,Variant_06_HT3,IMLDPIYWNYSNSKFLAGQGLVLYPAIGDKLDIICPKVEMGTYEYYKVYMVDKDQADRCNIKKENTPLLNAAKPDQDINFTIKFQEFSPNLWGLDIQKNKDYYIIQSSNGNLEGLENQEGGVCSTKAMKILMKVGHH,Lead-Opt,0.0655586092323433,0,0,0.3999999999999999
