NIVG,A_to_B_ipSAE,B_to_A_ipSAE,min_ipSAE,Trial,Design,Protocol,Length,Seed,Helicity,Target_Hotspot,Sequence,InterfaceResidues,pLDDT,pTM,i_pTM,pAE,i_pAE,i_pLDDT,ss_pLDDT,Unrelaxed_Clashes,Relaxed_Clashes,Binder_Energy_Score,Surface_Hydrophobicity,ShapeComplementarity,PackStat,dG,dSASA,dG/dSASA,Interface_SASA_%,Interface_Hydrophobicity,n_InterfaceResidues,n_InterfaceHbonds,InterfaceHbondsPercentage,n_InterfaceUnsatHbonds,InterfaceUnsatHbondsPercentage,Interface_Helix%,Interface_BetaSheet%,Interface_Loop%,Binder_Helix%,Binder_BetaSheet%,Binder_Loop%,InterfaceAAs,Target_RMSD,TrajectoryTime,Notes,TargetSettings,Filters,AdvancedSettings
NIVG_27,0.818282,0.896201,0.818282,12,NIVG_l184_s963134,4stage,184,963134,-0.3,,MPSMAQIHTNAHAEIATIHAGVANDTMSLDQANWEFYWVTWEATDQMLDVIVAAFNETKDAAATWAGLAQMWRYNMEIWEDYRTMWVGMSDKVGITVAEIDAIFGVARAFMQAMVHIFENADGNNGVTVVKAMKKAMRAAEAALRPIVNADPYSPPGKLARHFVGWGWGHVDMMKEEIHFMFPM,"B28,B30,B31,B33,B34,B35,B37,B38,B41,B45,B49,B127,B130,B131,B134,B138,B141,B151,B153,B154,B155,B158,B161,B162,B164,B165,B166,B168,B169,B172,B175,B176,B177,B179,B180,B183,B184",0.91,0.93,0.87,0.17,0.2,0.9,0.95,9,0,-480.98,0.33,0.57,0.59,-77.17,3324.72,-2.32,46.51,37.84,37,14,37.84,10.0,27.03,81.82,0.0,18.18,85.33,0.0,14.67,"{'A': 0, 'C': 0, 'D': 5, 'E': 4, 'F': 1, 'G': 2, 'H': 2, 'I': 0, 'K': 4, 'L': 0, 'M': 1, 'N': 1, 'P': 2, 'Q': 1, 'R': 2, 'S': 2, 'T': 0, 'V': 3, 'W': 5, 'Y': 2}",0.22,"0 hours, 41 minutes, 3 seconds",,NIVG_2,default_filters_1,4stage_multimer_7
NIVG_70,0.81733,0.873267,0.81733,2,NIVG_l177_s228848,4stage,177,228848,-0.3,,SVVELAAEMIGGLRSFNTKFKAYMPGHKWIRDQLRFEVAEMTAGIARFMAGEDLVEALGVIFHHARTGALDMEFAVRHMKQEGASPAQIAEMEAQVVQMAKVAIRIFGEAVRELAANHKDAGYIAYDMFWDMVYDVQEETNNTGPVYEVFKSYFPPEHTNDLIDPAELVAYVIKVTM,"B29,B30,B33,B36,B40,B47,B55,B56,B59,B60,B63,B64,B74,B114,B118,B120,B123,B124,B125,B126,B127,B128,B130,B131,B134,B135,B138,B139,B161,B162,B163,B165",0.91,0.93,0.89,0.17,0.19,0.92,0.95,8,0,-445.54,0.33,0.61,0.66,-52.46,2360.85,-2.22,31.65,53.12,32,7,21.88,6.0,18.75,86.21,0.0,13.79,84.75,0.0,15.25,"{'A': 1, 'C': 0, 'D': 5, 'E': 4, 'F': 2, 'G': 1, 'H': 3, 'I': 3, 'K': 0, 'L': 2, 'M': 1, 'N': 0, 'P': 1, 'Q': 1, 'R': 1, 'S': 0, 'T': 0, 'V': 2, 'W': 2, 'Y': 3}",0.21,"0 hours, 41 minutes, 5 seconds",,NIVG_2,default_filters_1,4stage_multimer_1
NIVG_39,0.806275,0.886302,0.806275,12,NIVG_l212_s990038,4stage,212,990038,-0.3,,GMSYNDMQRKVNYQFHQRLLPVMKEIKNDDLDGLSARVAMREVGQEYVDDIFTVTETWMAENGPARRYGSPIQKALALDPETGTANPKYAADAIVWVTDALAWKTMEVMYDLQIDSFEDAPGLFEAFIDMVYHSMQKMIGRLPVSGEDRNKMISLAEEAYQEMWADLEIFKAKNIDPYDFVFHAKMIVMHIFNEEYNPMGSIHTHSIPEIPM,"B4,B5,B8,B9,B10,B12,B13,B14,B16,B47,B67,B68,B69,B70,B71,B73,B74,B88,B89,B96,B99,B100,B103,B104,B106,B107,B110,B111,B176,B178,B179,B182,B186,B189,B190,B194,B197,B198,B199,B200,B201,B202,B203,B204,B205,B206,B207,B208,B209,B211,B212",0.92,0.94,0.9,0.15,0.17,0.84,0.95,29,0,-564.61,0.3,0.56,0.57,-108.1,4770.53,-2.27,61.03,43.14,51,16,31.37,13.0,25.49,60.0,0.0,40.0,73.11,0.0,26.89,"{'A': 1, 'C': 0, 'D': 4, 'E': 3, 'F': 1, 'G': 2, 'H': 4, 'I': 2, 'K': 4, 'L': 0, 'M': 5, 'N': 3, 'P': 4, 'Q': 3, 'R': 2, 'S': 3, 'T': 1, 'V': 0, 'W': 2, 'Y': 7}",0.17,"0 hours, 45 minutes, 16 seconds",,NIVG_2,default_filters_1,4stage_multimer_7
NIVG_26,0.801503,0.842628,0.801503,12,NIVG_l156_s498010,4stage,156,498010,-0.3,,SNAAKQKELSKEFIAATKVLMTVAYEIMEIHYGEDAAVMAKFKAVYGGVMNWVNTTKTFEIVVPAIHMSYWPDSVGDVLDWWDTHLPIALADPSNMPVFMNHVSYDVWWLTNNKMGELKNKGMTIAEYDAQYEKHKAFWDVMGKMEDVQHAMWKHT,"B61,B63,B64,B67,B68,B69,B70,B71,B72,B73,B76,B77,B80,B81,B97,B98,B101,B104,B105,B108,B109,B112,B113,B115,B116,B117,B119,B120,B122,B123,B124,B125,B128,B129,B132,B139,B140,B142,B143,B146,B147,B149,B150,B153",0.87,0.93,0.89,0.18,0.2,0.91,0.95,18,0,-374.35,0.33,0.6,0.62,-86.66,3666.05,-2.36,56.98,47.73,44,15,34.09,8.0,18.18,80.56,0.0,19.44,80.13,0.0,19.87,"{'A': 0, 'C': 0, 'D': 6, 'E': 2, 'F': 0, 'G': 4, 'H': 2, 'I': 2, 'K': 1, 'L': 0, 'M': 4, 'N': 4, 'P': 3, 'Q': 1, 'R': 0, 'S': 2, 'T': 1, 'V': 2, 'W': 6, 'Y': 4}",0.18,"0 hours, 34 minutes, 55 seconds",,NIVG_2,default_filters_1,4stage_multimer_7
NIVG_72,0.794319,0.859381,0.794319,2,NIVG_l172_s197902,4stage,172,197902,-0.3,,EFAEKMRLVSEVQRESERILEMMAEFKVIAEVIVADDKRGKSVSKEDVAALQRMAARAVPMGERVHELSFRLEKMLPQVKPWTSHGGYLVQMHTSKLTPRQEVMRAEIMEIHDTTTKKIAQVHEVVFKEMVENQDDPAMMQRSWQIISMVADIYTAFDEAVYGLFLVMMAAM,"B63,B66,B70,B73,B80,B82,B83,B84,B85,B86,B87,B88,B89,B90,B93,B94,B112,B113,B116,B117,B119,B120,B123,B124,B127,B130,B131,B132,B134,B135,B140,B144,B147,B148,B149,B150,B151,B152,B154,B155,B158,B159,B162",0.9,0.93,0.89,0.18,0.21,0.85,0.94,15,0,-429.72,0.3,0.71,0.6,-74.36,3338.8,-2.23,41.64,41.86,43,9,20.93,8.0,18.6,81.25,0.0,18.75,82.56,0.0,17.44,"{'A': 2, 'C': 0, 'D': 4, 'E': 5, 'F': 2, 'G': 2, 'H': 5, 'I': 2, 'K': 2, 'L': 1, 'M': 3, 'N': 0, 'P': 0, 'Q': 1, 'R': 0, 'S': 2, 'T': 4, 'V': 3, 'W': 2, 'Y': 3}",0.16,"0 hours, 41 minutes, 21 seconds",,NIVG_2,default_filters_1,4stage_multimer_1
NIVG_71,0.761479,0.898394,0.761479,2,NIVG_l73_s84565,4stage,73,84565,-0.3,,ITFTPKEKNHIMDFMEHQVEERKYYQKWDKWFFGKVTPQMVKEDMTVMQTHISNYVEEYTGVKMTYPEIMKAL,"B10,B13,B14,B17,B18,B20,B21,B22,B23,B24,B25,B27,B28,B29,B31,B32,B33,B40,B43,B44,B46,B47,B51,B54,B55,B58",0.86,0.93,0.85,0.19,0.21,0.88,0.9,12,0,-183.06,0.32,0.63,0.6,-61.02,2458.8,-2.48,59.77,38.46,26,11,42.31,7.0,26.92,100.0,0.0,0.0,80.82,0.0,19.18,"{'A': 0, 'C': 0, 'D': 3, 'E': 4, 'F': 3, 'G': 0, 'H': 3, 'I': 0, 'K': 2, 'L': 0, 'M': 1, 'N': 1, 'P': 0, 'Q': 1, 'R': 1, 'S': 0, 'T': 1, 'V': 1, 'W': 2, 'Y': 3}",0.18,"0 hours, 24 minutes, 57 seconds",,NIVG_2,default_filters_1,4stage_multimer_1
NIVG_48,0.760932,0.896973,0.760932,15,NIVG_l90_s515941,4stage,90,515941,-0.3,"A559,A579,A580,A581,A588",SATKAVHMVVGMLFTGWYFPMRFKDPAYQAKHEAIELAEDVPIITRVLKQYSYSGAKIAAVVAVHAANYSQAVETGRWWDLSDKMEAALS,"B3,B4,B7,B8,B10,B11,B12,B13,B14,B15,B16,B17,B18,B19,B20,B21,B22,B23,B24,B28,B35,B36,B39,B40,B43,B65,B69,B73,B74,B75,B76,B77,B78,B79,B83",0.88,0.94,0.88,0.17,0.16,0.8,0.91,25,0,-206.04,0.49,0.55,0.56,-70.36,3521.37,-2.0,90.61,51.43,35,15,42.86,8.0,22.86,60.71,0.0,39.29,77.78,0.0,22.22,"{'A': 0, 'C': 0, 'D': 2, 'E': 3, 'F': 3, 'G': 3, 'H': 2, 'I': 2, 'K': 2, 'L': 1, 'M': 3, 'N': 0, 'P': 1, 'Q': 0, 'R': 2, 'S': 0, 'T': 3, 'V': 2, 'W': 3, 'Y': 3}",0.16,"0 hours, 43 minutes, 16 seconds",,NIVG_7,default_filters_1,4stage_multimer_8
NIVG_32,0.758626,0.816339,0.758626,12,NIVG_l244_s431797,4stage,244,431797,-0.3,,RKAIDISKLPETTRSVFRHYRKHDPDLYKKMKNGNIATAATMMIGFLQANPAEVMWDMNFDPGGYPHDNYLNSVAWKQVKAAGWMAGRAGNTTGMVVVLRLLRGQAEKDIVHGDPWTRQHSRKLVELLDEAIEFHIEHGNNTERFYMHVIRAGMYAIINGMWPYSDVFMEMVAGGLISGKITAEVVVRAVRGHVVDAAKEAELMNEIREFINSYINNGETDPSVFYRGFGQMMYDAYYKGVVDM,"B11,B12,B15,B18,B19,B21,B22,B23,B56,B59,B60,B61,B62,B63,B64,B65,B66,B67,B68,B69,B70,B71,B72,B74,B77,B80,B108,B109,B112,B114,B115,B116,B158,B159,B160,B162,B166,B210,B223,B224,B226,B227,B228,B230,B231,B234,B235,B238",0.9,0.93,0.88,0.17,0.19,0.77,0.92,44,1,-617.72,0.31,0.54,0.61,-75.65,4259.73,-1.78,46.77,35.42,48,16,33.33,14.0,29.17,82.5,0.0,17.5,79.92,0.0,20.08,"{'A': 0, 'C': 0, 'D': 6, 'E': 1, 'F': 2, 'G': 5, 'H': 4, 'I': 1, 'K': 4, 'L': 1, 'M': 0, 'N': 4, 'P': 3, 'Q': 1, 'R': 3, 'S': 2, 'T': 1, 'V': 2, 'W': 3, 'Y': 5}",0.18,"0 hours, 51 minutes, 36 seconds",Relaxed structure contains clashes.,NIVG_2,default_filters_1,4stage_multimer_7
NIVG_29,0.754472,0.89219,0.754472,12,NIVG_l149_s682711,4stage,149,682711,-0.3,,NPIMAMEEAMAKYMEAHPEIDPHHPLFQVRLVQEMTAWFTSEEQKREAIWDFFFYEYELDYYDHNMGQPIDPASGDAIAKVAATYIDILTTDDMVMLVWVAEELIDMAARRRFPVPEGVVRARELAMNAMMAKGFSRKEIMEMVSYSGM,"B3,B4,B6,B7,B10,B11,B14,B18,B19,B20,B21,B22,B23,B24,B25,B27,B28,B31,B35,B39,B47,B48,B50,B51,B54,B55,B56,B57,B58,B59,B60,B61,B62,B63,B65,B66,B67,B68,B71,B74,B96,B103,B107,B110,B111,B148,B149",0.88,0.93,0.88,0.18,0.2,0.89,0.93,30,0,-382.26,0.33,0.58,0.58,-59.6,3486.55,-1.71,53.25,55.32,47,10,21.28,9.0,19.15,70.27,0.0,29.73,78.52,0.0,21.48,"{'A': 2, 'C': 0, 'D': 5, 'E': 6, 'F': 3, 'G': 2, 'H': 2, 'I': 2, 'K': 0, 'L': 2, 'M': 9, 'N': 1, 'P': 3, 'Q': 2, 'R': 2, 'S': 1, 'T': 0, 'V': 0, 'W': 1, 'Y': 4}",0.19,"0 hours, 33 minutes, 28 seconds",,NIVG_2,default_filters_1,4stage_multimer_7
NIVG_34,0.753654,0.857351,0.753654,12,NIVG_l199_s53694,4stage,199,53694,-0.3,,MAAKMKAEMDAKNLKGEDWYQVFWYTMHMLDQGVTPVEAATVARDYAWMHDMEQDDILMIAKQLRWEHWWPGDWEALVVQEIFVGWMAAANPEKMTGPFLLNAMPPSPQDMQKMIKKGRKHGNLMEAFVWEAMYNVIRYDDTAEFTEKVTELGQEFIAKGLPSAIVTAITTSHIAMHAHVAPMVREGNLPPYHREIEPM,"B16,B17,B18,B19,B20,B21,B27,B30,B31,B55,B56,B58,B59,B62,B63,B65,B66,B67,B69,B70,B71,B72,B73,B75,B76,B102,B103,B105,B106,B107,B110,B114,B117,B121,B123,B192,B193",0.87,0.92,0.86,0.19,0.22,0.82,0.9,33,0,-447.87,0.34,0.59,0.62,-53.15,3433.79,-1.55,42.37,43.24,37,10,27.03,7.0,18.92,75.86,0.0,24.14,76.38,0.0,23.62,"{'A': 2, 'C': 0, 'D': 6, 'E': 3, 'F': 0, 'G': 2, 'H': 2, 'I': 0, 'K': 2, 'L': 2, 'M': 3, 'N': 2, 'P': 3, 'Q': 2, 'R': 1, 'S': 1, 'T': 0, 'V': 0, 'W': 4, 'Y': 2}",0.22,"0 hours, 39 minutes, 50 seconds",,NIVG_2,default_filters_1,4stage_multimer_7
NIVG_42,0.745668,0.859147,0.745668,13,NIVG_l181_s694301,4stage,181,694301,-0.3,,MFDRRVKSDLQEQQVLVKNYATAEANGDAETATIYKYFVHDMNYYIGWNIGWQIPTPAGHMASWAIMDISEAIMESENNVEAAMGQVIADAFYFGPFTPAEVEMVVEVVKTVFRPFVEYGLTPIANMVAQVIAVMRKAMILANDPAMIDYYWGIFRANNGDWEAFSKLAWQEFKHRYSSKM,"B4,B5,B8,B9,B12,B37,B38,B40,B41,B42,B44,B45,B48,B49,B51,B52,B55,B56,B57,B60,B64,B67,B68,B74,B75,B86,B90,B93,B94,B152,B155,B160,B162,B163,B166",0.91,0.93,0.89,0.18,0.2,0.89,0.93,39,0,-452.78,0.31,0.6,0.61,-65.37,3348.35,-1.95,44.16,48.57,35,9,25.71,11.0,31.43,87.88,0.0,12.12,82.87,0.0,17.13,"{'A': 0, 'C': 0, 'D': 4, 'E': 3, 'F': 3, 'G': 2, 'H': 2, 'I': 0, 'K': 0, 'L': 0, 'M': 3, 'N': 1, 'P': 2, 'Q': 1, 'R': 2, 'S': 2, 'T': 1, 'V': 0, 'W': 5, 'Y': 4}",0.18,"1 hours, 11 minutes, 44 seconds",,NIVG_2,default_filters_1,4stage_multimer_8
NIVG_31,0.73519,0.838199,0.73519,12,NIVG_l182_s317976,4stage,182,317976,-0.3,,MITYWFPPPELMALMRAIGNSAKTGGASVATMVADAPTARKLLIAEQRRRDPQNASMFAKFMKGMTPVNVIMYAAEYMIHEAEWSISEYHELKRNGIPFYNSNGNKVRNVVSALKELADVLREMAQFMQAVVASGGISPSEAEVMTHIAGDMQWTADRVIETVVNNKYYWFWHSPLTMTVSA,"B2,B3,B4,B5,B49,B50,B51,B52,B53,B54,B57,B58,B61,B65,B69,B72,B73,B76,B79,B80,B83,B84,B88,B94,B143,B144,B147,B148,B150,B151,B154,B155,B167,B168,B169,B170,B171,B172,B173,B174,B175,B176,B177,B178,B179,B180,B181,B182",0.85,0.93,0.89,0.19,0.2,0.8,0.93,28,0,-421.9,0.34,0.58,0.59,-95.88,4636.95,-2.07,62.7,52.08,48,16,33.33,19.0,39.58,56.1,0.0,43.9,72.53,0.0,27.47,"{'A': 1, 'C': 0, 'D': 2, 'E': 4, 'F': 3, 'G': 1, 'H': 3, 'I': 3, 'K': 1, 'L': 1, 'M': 4, 'N': 2, 'P': 2, 'Q': 1, 'R': 3, 'S': 2, 'T': 4, 'V': 2, 'W': 5, 'Y': 4}",0.16,"0 hours, 40 minutes, 30 seconds",,NIVG_2,default_filters_1,4stage_multimer_7
NIVG_19,0.734993,0.901719,0.734993,11,NIVG_l102_s169861,4stage,102,169861,-0.3,"388-392,438-442",TPEQIMQIGEEAITMTEAELWKLGDKHWDQADQLMGKEDWHPWSWWDITDAQTVKAHAHHEIAMVLWNAPDLEKDPAAGTKYLKEKFKDVAKRAGKLMQRVN,"B17,B21,B25,B28,B29,B32,B34,B35,B37,B38,B39,B40,B41,B42,B43,B44,B45,B46,B47,B49,B50,B53,B57,B60,B61,B64,B65,B67,B68,B69,B70,B78,B81,B82,B86,B89,B90,B93,B100",0.87,0.94,0.89,0.18,0.15,0.83,0.92,28,0,-241.83,0.27,0.6,0.55,-73.84,3500.16,-2.11,75.38,43.59,39,11,28.21,17.0,43.59,69.44,0.0,30.56,75.49,0.0,24.51,"{'A': 2, 'C': 0, 'D': 7, 'E': 3, 'F': 0, 'G': 0, 'H': 3, 'I': 0, 'K': 3, 'L': 1, 'M': 2, 'N': 1, 'P': 2, 'Q': 0, 'R': 2, 'S': 1, 'T': 2, 'V': 2, 'W': 7, 'Y': 1}",0.15,"0 hours, 29 minutes, 7 seconds",,NIVG_6,default_filters_1,4stage_multimer_7
NIVG_43,0.734634,0.868066,0.734634,13,NIVG_l158_s528414,4stage,158,528414,-0.3,,MGTIVADNPDEWDFFAWEFYYVAYETQNKGADEAADMIWDHQHDMWHDMMSPAEKKKWLGAQPGVKEGAPEVYVFTDPEGKYTTVLTMEMMVFPDGHKEPVGAVLVFTGYPEEMASVWEAWRASGAPWHSELHMKFREMFHTFMTKHFTREKPMKLVM,"B10,B11,B13,B14,B17,B20,B21,B23,B24,B32,B36,B39,B40,B42,B43,B44,B46,B47,B48,B49,B50,B54,B55,B58,B59,B61,B62,B63,B93,B95,B97,B99,B128,B129,B134,B137",0.92,0.94,0.89,0.16,0.18,0.9,0.93,11,0,-427.4,0.45,0.59,0.57,-83.83,3633.37,-2.31,54.0,47.22,36,13,36.11,11.0,30.56,78.57,3.57,17.86,48.73,24.68,26.58,"{'A': 2, 'C': 0, 'D': 8, 'E': 3, 'F': 2, 'G': 0, 'H': 4, 'I': 0, 'K': 1, 'L': 1, 'M': 3, 'N': 0, 'P': 1, 'Q': 2, 'R': 1, 'S': 0, 'T': 0, 'V': 0, 'W': 5, 'Y': 3}",0.14,"1 hours, 22 minutes, 0 seconds",,NIVG_2,default_filters_1,4stage_multimer_8
NIVG_68,0.718774,0.898809,0.718774,2,NIVG_l114_s171887,4stage,114,171887,-0.3,,SKRAVMKNVSEVLIQIVEIAALQMYGLKTPEEVSRLSPFQQTEYTVEYQWMVDWIKDAFEHLMGPEGAGRSVDEMIDLMFYEAVLAINWTAMWLHTGAGFTVREVWEQYEQKTM,"B39,B42,B43,B46,B47,B50,B54,B57,B58,B61,B62,B66,B70,B78,B81,B82,B84,B85,B88,B89,B91,B92,B93,B95,B96,B97,B99,B100,B101,B102,B104",0.91,0.94,0.87,0.17,0.19,0.89,0.92,6,0,-297.12,0.34,0.64,0.58,-68.4,2869.76,-2.38,52.04,51.61,31,8,25.81,14.0,45.16,77.78,0.0,22.22,80.7,0.0,19.3,"{'A': 2, 'C': 0, 'D': 1, 'E': 5, 'F': 2, 'G': 2, 'H': 2, 'I': 0, 'K': 0, 'L': 3, 'M': 1, 'N': 1, 'P': 0, 'Q': 0, 'R': 1, 'S': 0, 'T': 3, 'V': 3, 'W': 4, 'Y': 1}",0.2,"0 hours, 28 minutes, 59 seconds",,NIVG_2,default_filters_1,4stage_multimer_1
NIVG_40,0.706073,0.78377,0.706073,13,NIVG_l205_s559134,4stage,205,559134,-0.3,,PAKRYYKMVQHAAYTMQDGAQAAYNVAYRNGQDEISDQAWEAYMDPEDIIWNAHMGNFRTAAEQLEELFRKVKEIIQAMRTDEERSQAAPHMISGFAWNSSFGYTNMRGKTQEEYLAMMTAEEKAVFDRFNSTIKKHATKKGKATSAEMVYNDSAYPGNGFIIVIDGTDYTPHEASYILQGMPFDEFWSTFEDYMTMIVNKNAAM,"B2,B3,B6,B7,B10,B11,B14,B18,B21,B22,B24,B25,B28,B29,B36,B37,B40,B41,B43,B44,B45,B47,B48,B50,B51,B54,B55,B91,B92,B94,B95,B98,B99,B105,B156,B157,B158,B159,B173,B174,B177",0.85,0.93,0.87,0.19,0.21,0.82,0.88,9,0,-494.7,0.31,0.61,0.57,-69.2,3486.93,-1.98,44.33,41.46,41,15,36.59,7.0,17.07,81.82,0.0,18.18,68.29,7.32,24.39,"{'A': 2, 'C': 0, 'D': 4, 'E': 3, 'F': 0, 'G': 2, 'H': 4, 'I': 1, 'K': 2, 'L': 0, 'M': 3, 'N': 3, 'P': 1, 'Q': 2, 'R': 1, 'S': 2, 'T': 1, 'V': 0, 'W': 3, 'Y': 7}",0.2,"1 hours, 22 minutes, 41 seconds",,NIVG_2,default_filters_1,4stage_multimer_8
NIVG_24,0.698672,0.788118,0.698672,12,NIVG_l212_s552302,4stage,212,552302,-0.3,,MITSPPYTDGTWRVYSAAEVAEIRRIMHAIMNGRDFPIEEVEDLMYDFTMLVYSADNEANKPLVRELTRYLIGADPASIQRMNKAFKEASAPGRRTSYQHMGWAFEDMVEFMYDNNWPPAEIGSMVTVAMGFAEYSTMDNVIDMIVDEHTMPLYKIMSPAELAEVASLIDAAIAAKPTHWVWNGWGFVSPREQELDMRYMIEDIEEKIGSMQ,"B5,B6,B7,B8,B9,B10,B12,B46,B50,B53,B91,B92,B93,B94,B95,B97,B99,B100,B103,B107,B110,B135,B137,B139,B140,B142,B143,B144,B146,B149,B150,B151,B180,B181,B182,B183,B184,B185,B186,B187,B188,B189,B191,B192,B195,B196,B199,B200,B203",0.87,0.93,0.89,0.18,0.2,0.85,0.91,20,0,-491.24,0.33,0.54,0.58,-78.73,4101.66,-1.92,47.4,48.98,49,13,26.53,8.0,16.33,43.59,15.38,41.03,68.87,3.77,27.36,"{'A': 1, 'C': 0, 'D': 6, 'E': 2, 'F': 1, 'G': 4, 'H': 2, 'I': 1, 'K': 0, 'L': 1, 'M': 4, 'N': 2, 'P': 3, 'Q': 1, 'R': 3, 'S': 2, 'T': 3, 'V': 3, 'W': 5, 'Y': 5}",0.14,"0 hours, 44 minutes, 46 seconds",,NIVG_2,default_filters_1,4stage_multimer_7
NIVG_4,0.695164,0.90031,0.695164,10,NIVG_l88_s708801,4stage,88,708801,-0.3,"388-392,438-442",MRIQKGFKYMEDFRKNFARYSPKGAAQYGVLVKTFKAEFTTAPPSERNHVVNAFIAKFDAIILQYGFGVPDYYVWGAIFHVEYYFMGI,"B5,B8,B9,B12,B16,B19,B20,B59,B62,B63,B66,B67,B68,B69,B70,B71,B72,B73,B74,B75,B76,B78,B79,B80,B82,B83,B84,B88",0.87,0.93,0.87,0.18,0.18,0.88,0.93,15,0,-223.04,0.34,0.54,0.62,-72.29,2907.55,-2.49,72.18,57.14,28,10,35.71,12.0,42.86,68.0,0.0,32.0,84.09,0.0,15.91,"{'A': 0, 'C': 0, 'D': 3, 'E': 1, 'F': 2, 'G': 3, 'H': 1, 'I': 3, 'K': 2, 'L': 1, 'M': 0, 'N': 1, 'P': 1, 'Q': 0, 'R': 1, 'S': 0, 'T': 0, 'V': 2, 'W': 1, 'Y': 6}",0.16,"0 hours, 25 minutes, 0 seconds",,NIVG_6,default_filters_1,4stage_multimer_6
NIVG_69,0.690441,0.848806,0.690441,2,NIVG_l72_s808157,4stage,72,808157,-0.3,,MTAADPETALWAMMDAVEEKSWPIIQAYKAAGDEKALEAERIEGGAIMNALWIIYATEVNPAWWSNYHGDWM,"B11,B14,B15,B17,B18,B21,B22,B25,B29,B38,B40,B41,B42,B44,B45,B48,B49,B52,B53,B60,B62,B63,B64,B65,B66,B67,B68,B69,B70,B71,B72",0.86,0.94,0.9,0.19,0.2,0.82,0.91,12,0,-149.94,0.37,0.65,0.55,-88.56,3116.49,-2.84,77.01,48.39,31,15,48.39,5.0,16.13,83.33,0.0,16.67,81.94,0.0,18.06,"{'A': 1, 'C': 0, 'D': 2, 'E': 3, 'F': 0, 'G': 3, 'H': 1, 'I': 3, 'K': 1, 'L': 0, 'M': 3, 'N': 3, 'P': 0, 'Q': 0, 'R': 1, 'S': 2, 'T': 0, 'V': 1, 'W': 6, 'Y': 1}",0.19,"0 hours, 23 minutes, 20 seconds",,NIVG_2,default_filters_1,4stage_multimer_1
NIVG_80,0.688829,0.8782,0.688829,6,NIVG_l95_s599659,4stage,95,599659,-0.3,"388-392,438-442",SISVDAQKAILVEALQILVDILVSTGPGPNRAMVWGMEYDIWFLKHFKSDHPEYEVSKHGEYVRNVATYVIRKHKNDAGVVARAQQVLAMYASMK,"B15,B16,B19,B23,B27,B28,B29,B30,B31,B32,B33,B34,B35,B36,B37,B38,B39,B40,B42,B43,B47,B50,B51,B54,B55,B58,B59,B61,B62,B65,B66,B69,B73,B74",0.88,0.94,0.89,0.17,0.15,0.87,0.94,15,0,-230.14,0.32,0.58,0.58,-66.64,3350.37,-1.99,77.67,52.94,34,15,44.12,5.0,14.71,70.37,0.0,29.63,77.89,0.0,22.11,"{'A': 1, 'C': 0, 'D': 2, 'E': 3, 'F': 2, 'G': 2, 'H': 3, 'I': 0, 'K': 2, 'L': 1, 'M': 2, 'N': 2, 'P': 2, 'Q': 1, 'R': 1, 'S': 0, 'T': 0, 'V': 4, 'W': 2, 'Y': 4}",0.18,"0 hours, 24 minutes, 0 seconds",,NIVG_6,default_filters_1,4stage_multimer_1
NIVG_33,0.680247,0.856592,0.680247,12,NIVG_l139_s107827,4stage,139,107827,-0.3,,MEREEYEKHSVAILAMVIEAHRIFNNNITPGSMKQVHALMAGVRADVQEYFDAHPHLSYWEEQNMDLVWWSAQEAGMHAAKMAGALDSGTEPPEDLVKYLRDFFVDLIQEVIRMTKDFLTIKMKTTEVSPAFAALVDVV,"B47,B48,B51,B54,B55,B56,B57,B58,B59,B60,B62,B63,B64,B66,B67,B69,B70,B71,B73,B74,B77,B78,B99,B102,B103,B106,B110,B113,B117,B121",0.88,0.93,0.86,0.19,0.22,0.91,0.94,10,0,-343.6,0.32,0.54,0.58,-53.97,2888.7,-1.87,47.82,43.33,30,9,30.0,11.0,36.67,88.46,0.0,11.54,82.73,0.0,17.27,"{'A': 0, 'C': 0, 'D': 4, 'E': 3, 'F': 2, 'G': 0, 'H': 3, 'I': 1, 'K': 0, 'L': 2, 'M': 1, 'N': 1, 'P': 1, 'Q': 3, 'R': 1, 'S': 2, 'T': 0, 'V': 1, 'W': 3, 'Y': 2}",0.19,"0 hours, 29 minutes, 17 seconds",,NIVG_2,default_filters_1,4stage_multimer_7
NIVG_15,0.671978,0.855131,0.671978,10,NIVG_l114_s177531,4stage,114,177531,-0.3,"388-392,438-442",PKVIAATLNPTDIAQMYAVVKSVVMEALANPTVHNDPMVFFSKMIDGYQAMGGPVGQIMIEELKIMMKYAVFDHHYNPHDYVMHDPDLSPADKIKELTAYMIRTVEYENRRAKA,"B1,B34,B35,B36,B37,B62,B65,B66,B68,B69,B71,B72,B73,B74,B75,B76,B77,B78,B80,B81,B82,B84,B85,B86,B87,B88,B96,B100,B103,B104,B107,B108,B110",0.89,0.94,0.89,0.17,0.15,0.83,0.92,24,0,-273.42,0.5,0.6,0.6,-72.69,3479.46,-2.09,72.5,45.45,33,15,45.45,11.0,33.33,71.43,0.0,28.57,79.82,0.0,20.18,"{'A': 0, 'C': 0, 'D': 5, 'E': 3, 'F': 1, 'G': 0, 'H': 4, 'I': 1, 'K': 1, 'L': 1, 'M': 1, 'N': 2, 'P': 4, 'Q': 0, 'R': 2, 'S': 0, 'T': 1, 'V': 2, 'W': 0, 'Y': 5}",0.2,"0 hours, 32 minutes, 0 seconds",,NIVG_6,default_filters_1,4stage_multimer_6
NIVG_38,0.664445,0.805655,0.664445,12,NIVG_l177_s19620,4stage,177,19620,-0.3,,MARWNAYEVAYQHHGITFFDIMMWWVEDILVFQDKGHPELLVILRAFISEFNALVGLARQAGFPDMAQMFAALRSFFVFVETAYKAGAPLTYEQLEAAAWAMDRKVEAAMLGAGWGKQGKAMVRVFDVFKHQTYQMDYIIIINGYTPEDSPKEYATVMVTSARIMAGKMASIIREAM,"B1,B2,B3,B4,B7,B8,B11,B12,B13,B14,B16,B17,B19,B20,B24,B27,B28,B30,B92,B100,B103,B107,B111,B127,B130,B131,B134,B137,B138,B140,B141,B142,B147",0.91,0.92,0.85,0.18,0.22,0.82,0.93,16,0,-463.19,0.36,0.64,0.62,-65.92,3171.62,-2.08,46.18,54.55,33,14,42.42,5.0,15.15,82.14,0.0,17.86,82.49,0.0,17.51,"{'A': 1, 'C': 0, 'D': 5, 'E': 3, 'F': 1, 'G': 0, 'H': 3, 'I': 4, 'K': 1, 'L': 2, 'M': 1, 'N': 0, 'P': 1, 'Q': 1, 'R': 1, 'S': 0, 'T': 1, 'V': 0, 'W': 3, 'Y': 5}",0.17,"0 hours, 37 minutes, 23 seconds",,NIVG_2,default_filters_1,4stage_multimer_7
NIVG_21,0.65592,0.819587,0.65592,11,NIVG_l120_s89458,4stage,120,89458,-0.3,"388-392,438-442",MMHPLVKEYLATHENMSMPEQIAYVREAQEEFIPTKDPAALKAVYHITHRAELDITYEFMYYPMSKAEYQQHQKDQKAVFQLAVVSSSVMLDYYAATGDAQEVKQMQIEIDYSQNYVDKM,"B2,B6,B10,B13,B14,B15,B16,B17,B45,B46,B49,B50,B52,B53,B54,B56,B57,B58,B59,B60,B61,B62,B63,B64,B65,B66,B68,B69,B72,B73,B76,B105,B108,B109,B112,B115,B116,B119,B120",0.89,0.94,0.89,0.16,0.16,0.88,0.94,12,0,-290.16,0.31,0.59,0.61,-62.07,3477.02,-1.79,61.87,46.15,39,9,23.08,13.0,33.33,75.76,0.0,24.24,88.33,0.0,11.67,"{'A': 0, 'C': 0, 'D': 1, 'E': 5, 'F': 1, 'G': 0, 'H': 4, 'I': 1, 'K': 2, 'L': 2, 'M': 5, 'N': 2, 'P': 1, 'Q': 3, 'R': 1, 'S': 2, 'T': 1, 'V': 1, 'W': 0, 'Y': 7}",0.2,"0 hours, 29 minutes, 38 seconds",,NIVG_6,default_filters_1,4stage_multimer_7
NIVG_8,0.645135,0.830799,0.645135,10,NIVG_l117_s89067,4stage,117,89067,-0.3,"388-392,438-442",MAMVAQESAYAKMVFSATTVEEKRQRVLALMNDKELWEKHWDPLFVMYNAVERERHGDTIAEIIKYLRYVESRISPKGIHHNGWYTHEPGFPTHREKRAIVLAVIKAAIQMLKAEAM,"B28,B31,B32,B34,B37,B38,B41,B42,B45,B46,B48,B49,B52,B53,B55,B56,B58,B65,B66,B69,B70,B73,B74,B75,B77,B78,B79,B80,B81,B82,B83,B84,B85,B86,B87,B88,B89,B91,B94,B97,B101",0.9,0.94,0.91,0.16,0.13,0.85,0.93,15,0,-263.44,0.39,0.62,0.54,-79.95,3605.72,-2.22,70.25,41.46,41,21,51.22,16.0,39.02,62.86,0.0,37.14,76.07,0.0,23.93,"{'A': 0, 'C': 0, 'D': 2, 'E': 3, 'F': 2, 'G': 2, 'H': 5, 'I': 2, 'K': 4, 'L': 1, 'M': 1, 'N': 3, 'P': 1, 'Q': 0, 'R': 3, 'S': 1, 'T': 1, 'V': 3, 'W': 3, 'Y': 4}",0.18,"0 hours, 32 minutes, 20 seconds",,NIVG_6,default_filters_1,4stage_multimer_6
NIVG_51,0.643808,0.886755,0.643808,15,NIVG_l81_s924801,4stage,81,924801,-0.3,"A559,A579,A580,A581,A588",QVDITMSQYQRYELYKKVSPARRAAFDAIDTEIMWSRWMSFMWKPRNAAEATTDPYHVIATPAGMKAKMAEIMKIYEEDQS,"B7,B8,B9,B11,B12,B15,B27,B31,B34,B35,B37,B38,B39,B41,B42,B43,B44,B45,B46,B47,B50,B54,B55,B56,B57",0.89,0.94,0.87,0.17,0.17,0.87,0.9,14,0,-176.92,0.47,0.64,0.62,-79.79,3048.89,-2.62,76.31,52.0,25,9,36.0,8.0,32.0,77.27,0.0,22.73,77.78,0.0,22.22,"{'A': 0, 'C': 0, 'D': 2, 'E': 1, 'F': 1, 'G': 0, 'H': 1, 'I': 0, 'K': 1, 'L': 0, 'M': 3, 'N': 1, 'P': 2, 'Q': 1, 'R': 3, 'S': 1, 'T': 1, 'V': 0, 'W': 3, 'Y': 4}",0.19,"0 hours, 40 minutes, 28 seconds",,NIVG_7,default_filters_1,4stage_multimer_8
NIVG_5,0.601178,0.808069,0.601178,10,NIVG_l120_s566799,4stage,120,566799,-0.3,"388-392,438-442",MPPTVDELVPRLNEVLRQADRLIYQYRFWTGDYYMTAATITAWVAVIAAMMSEVMRQMNVPARVESKMLPELAAVIQTAMNGVDWGPPFMVFNYGKWVVNAMKGIKTVVQTVYRSEGIIP,"B20,B21,B24,B25,B27,B28,B29,B30,B31,B33,B34,B35,B36,B84,B85,B86,B87,B88,B89,B90,B91,B92,B93,B94,B95,B96",0.9,0.93,0.84,0.19,0.19,0.78,0.95,20,0,-290.21,0.34,0.65,0.63,-59.63,2538.71,-2.35,46.35,53.85,26,9,34.62,17.0,65.38,34.78,0.0,65.22,72.5,0.0,27.5,"{'A': 0, 'C': 0, 'D': 2, 'E': 0, 'F': 3, 'G': 3, 'H': 0, 'I': 0, 'K': 1, 'L': 0, 'M': 2, 'N': 1, 'P': 2, 'Q': 1, 'R': 2, 'S': 0, 'T': 2, 'V': 1, 'W': 2, 'Y': 4}",0.16,"0 hours, 29 minutes, 5 seconds",,NIVG_6,default_filters_1,4stage_multimer_6
NIVG_76,0.596401,0.761797,0.596401,4,NIVG_l162_s701168,4stage,162,701168,-0.3,"385-395,435-445",MSNAEMNAMVQKIHPGITYDFKDFVRAWMVVVANPSMTPMEIYQVASRAVVAEVPVFKKQYPDLTPYEVVHIMKEVMRPFIDIMVKRLLGMSGEQRVAIMNEIYEESRRIVTQATGKPIIDMSPYGPDHWDYYMDWVAEASELDLKYILEKLFGEVIYAMAM,"B13,B14,B64,B67,B68,B70,B71,B72,B74,B115,B119,B120,B121,B122,B123,B124,B125,B126,B127,B128,B129,B131,B132,B133,B136,B141,B143,B144,B147,B150,B151,B154,B155,B158,B162",0.89,0.93,0.88,0.19,0.16,0.78,0.92,31,0,-410.52,0.33,0.56,0.61,-62.24,3302.07,-1.88,50.14,51.43,35,11,31.43,6.0,17.14,68.97,0.0,31.03,76.54,0.0,23.46,"{'A': 0, 'C': 0, 'D': 4, 'E': 3, 'F': 0, 'G': 2, 'H': 3, 'I': 4, 'K': 2, 'L': 2, 'M': 2, 'N': 0, 'P': 2, 'Q': 0, 'R': 0, 'S': 2, 'T': 1, 'V': 1, 'W': 1, 'Y': 6}",0.19,"0 hours, 39 minutes, 23 seconds",,NIVG_4,default_filters_1,4stage_multimer_1
NIVG_1,0.594226,0.815356,0.594226,10,NIVG_l120_s971588,4stage,120,971588,-0.3,"388-392,438-442",SNTARNIAIVMKGYNKMRKEVAKGAAKSPGEGKKIFEVMFEQVWHTVMDMYNNPEKVPRPTAFAFADTFFNKMWDLNHWIYHEQTYDPQAKRMFEALDKPMNSALGRMLEAWKMMQAEIS,"B67,B70,B71,B74,B75,B77,B78,B79,B81,B82,B83,B84,B85,B86,B91,B94,B98,B99,B101,B102,B105,B109,B112,B113",0.9,0.93,0.87,0.18,0.16,0.91,0.91,12,1,-276.73,0.32,0.55,0.63,-49.15,2445.42,-2.01,42.27,41.67,24,12,50.0,6.0,25.0,86.36,0.0,13.64,89.17,0.0,10.83,"{'A': 0, 'C': 0, 'D': 3, 'E': 1, 'F': 2, 'G': 0, 'H': 2, 'I': 0, 'K': 3, 'L': 2, 'M': 1, 'N': 3, 'P': 0, 'Q': 1, 'R': 0, 'S': 0, 'T': 1, 'V': 0, 'W': 3, 'Y': 2}",0.2,"0 hours, 29 minutes, 26 seconds",Relaxed structure contains clashes.,NIVG_6,default_filters_1,4stage_multimer_6
NIVG_78,0.58744,0.787908,0.58744,4,NIVG_l169_s683416,4stage,169,683416,-0.3,"385-395,435-445",MPMTVEDLARMVYFVINQVTKEEEFTSVVRAPMQAVWTGEMTIEEAMDKMWRYSREKQAHRSMINVEASMRYEEKEIERSLKNPAYRAMLEKIVTMINAPDKSTMQSAFPEAMAAIHVGMEAQKTQYHETHHWWSNEMIYWGEYQIEKAAAYLKVLLRWFVENYETMRP,"B17,B18,B20,B21,B23,B53,B56,B57,B58,B60,B61,B62,B63,B64,B65,B68,B69,B72,B73,B128,B129,B132,B133,B134,B135,B136,B137,B138,B139,B140,B141,B144,B145",0.9,0.93,0.87,0.18,0.16,0.84,0.92,28,0,-401.31,0.29,0.58,0.57,-71.0,3651.3,-1.94,50.14,36.36,33,9,27.27,14.0,42.42,68.97,0.0,31.03,81.66,0.0,18.34,"{'A': 1, 'C': 0, 'D': 0, 'E': 5, 'F': 0, 'G': 0, 'H': 3, 'I': 2, 'K': 2, 'L': 0, 'M': 2, 'N': 3, 'P': 0, 'Q': 3, 'R': 1, 'S': 3, 'T': 1, 'V': 0, 'W': 3, 'Y': 4}",0.17,"0 hours, 41 minutes, 10 seconds",,NIVG_4,default_filters_1,4stage_multimer_1
NIVG_57,0.587057,0.813899,0.587057,18,NIVG_l101_s391723,4stage,101,391723,-0.3,"A559,A579,A580,A581,A588",SMVEKFARLLPSLMEVAKVEERFMPLRFGEEPPGAVIRRSRRRVQKDTSPKTMLEVVVELRKDAYDLAEDEREDDKMHAAWRGFANSFSTLEKEVRSEMRR,"B18,B21,B22,B23,B24,B25,B26,B27,B28,B29,B30,B32,B62,B66,B69,B70,B71,B72,B73,B74,B77",0.9,0.93,0.83,0.19,0.19,0.84,0.92,16,0,-226.42,0.32,0.68,0.65,-53.16,2475.24,-2.15,46.63,33.33,21,11,52.38,14.0,66.67,45.0,0.0,55.0,82.18,0.0,17.82,"{'A': 0, 'C': 0, 'D': 3, 'E': 5, 'F': 2, 'G': 1, 'H': 0, 'I': 0, 'K': 2, 'L': 1, 'M': 2, 'N': 0, 'P': 2, 'Q': 0, 'R': 3, 'S': 0, 'T': 0, 'V': 0, 'W': 0, 'Y': 0}",0.17,"0 hours, 46 minutes, 36 seconds",,NIVG_7,default_filters_1,4stage_multimer_9
NIVG_59,0.58102,0.791534,0.58102,19,NIVG_l106_s758556,4stage,106,758556,-0.3,"A559,A579,A580,A581,A588",SSVIEKIRNLMDWAHMMMNAEPPYYMHFKDPAETKAQIAAEDQMYEIRQKPEAYSPAELIPMMGELAKAAIAYYRKHVPNPNTPETVAEMATIPAMYQEVVAMLKS,"B8,B9,B12,B13,B15,B16,B17,B19,B20,B21,B22,B23,B24,B25,B26,B27,B28,B29,B31,B37,B38,B41,B42,B44,B45,B48,B49,B50,B74,B77,B78,B79,B83,B84,B85,B89",0.88,0.93,0.88,0.17,0.18,0.82,0.91,18,0,-242.0,0.5,0.54,0.58,-69.81,3639.34,-1.92,79.3,50.0,36,14,38.89,11.0,30.56,68.97,0.0,31.03,79.25,0.0,20.75,"{'A': 1, 'C': 0, 'D': 2, 'E': 4, 'F': 1, 'G': 0, 'H': 3, 'I': 1, 'K': 2, 'L': 0, 'M': 4, 'N': 2, 'P': 5, 'Q': 2, 'R': 2, 'S': 0, 'T': 1, 'V': 1, 'W': 1, 'Y': 4}",0.17,"0 hours, 48 minutes, 55 seconds",,NIVG_7,default_filters_1,4stage_multimer_9
NIVG_0,0.580602,0.809846,0.580602,10,NIVG_l106_s916775,4stage,106,916775,-0.3,"388-392,438-442",ARKVMDRADDGIEREVDRVITQNNPPMNRKVDWMADGMVWHSMLYVFLAYRDPEEMTPETAVSKFEDEMEIHTGHFKAGSKEQQVYEAAVEPVKSIMRVAASEVHS,"B2,B5,B9,B13,B16,B17,B21,B25,B27,B28,B29,B30,B32,B33,B34,B35,B36,B37,B39,B40,B41,B43,B44,B45,B47,B48,B51,B52,B55,B68,B71,B72,B75,B82",0.88,0.94,0.88,0.18,0.17,0.89,0.93,12,0,-242.14,0.29,0.57,0.61,-71.22,3210.22,-2.22,67.06,44.12,34,16,47.06,11.0,32.35,81.82,0.0,18.18,80.19,0.0,19.81,"{'A': 1, 'C': 0, 'D': 5, 'E': 4, 'F': 1, 'G': 1, 'H': 3, 'I': 1, 'K': 1, 'L': 2, 'M': 4, 'N': 1, 'P': 1, 'Q': 0, 'R': 3, 'S': 0, 'T': 1, 'V': 2, 'W': 2, 'Y': 1}",0.17,"0 hours, 28 minutes, 55 seconds",,NIVG_6,default_filters_1,4stage_multimer_6
NIVG_18,0.52193,0.783806,0.52193,10,NIVG_l102_s704576,4stage,102,704576,-0.3,"388-392,438-442",SPTPVEIMWTHYQNPDTLTVAEMGVVVALNKAYEDEFAAYMVQQLVKQYTAWHAQGKIPYWFKLHIPTAGEIVEHAKEEAYFMMINWQIKLDYFEEQVAKAM,"B12,B15,B16,B45,B48,B49,B52,B56,B57,B58,B59,B60,B61,B62,B63,B64,B65,B66,B71,B74,B75,B78,B79,B81,B82,B83,B85,B86,B89,B90,B92,B93,B94",0.91,0.94,0.88,0.17,0.14,0.87,0.93,12,0,-226.48,0.48,0.59,0.63,-71.18,3159.26,-2.25,61.85,57.58,33,12,36.36,9.0,27.27,80.77,0.0,19.23,82.35,0.0,17.65,"{'A': 0, 'C': 0, 'D': 2, 'E': 4, 'F': 3, 'G': 1, 'H': 2, 'I': 4, 'K': 3, 'L': 2, 'M': 1, 'N': 1, 'P': 2, 'Q': 1, 'R': 0, 'S': 0, 'T': 0, 'V': 0, 'W': 2, 'Y': 5}",0.21,"0 hours, 32 minutes, 6 seconds",,NIVG_6,default_filters_1,4stage_multimer_6
NIVG_52,0.508918,0.714796,0.508918,16,NIVG_l126_s261004,4stage,126,261004,-0.3,"A559,A579,A580,A581,A588,A504",SIEAEIRRLESELDKMLTPENMKSPASMEKISALMIEYLWALLKRAGHATWYGTKEDLKIVVAVAMTEMKKVVEVIKRGGSKAEVEARMDAFVDAGFVEAYWTFGHFGHWTVYQAAERIRQTVMAH,"B45,B46,B47,B48,B50,B51,B52,B57,B60,B90,B93,B94,B97,B98,B99,B101,B102,B103,B104,B105,B106,B107,B108,B109,B110,B111,B113,B114",0.92,0.94,0.88,0.16,0.16,0.86,0.94,12,0,-310.09,0.38,0.64,0.71,-48.55,2522.89,-1.92,46.54,46.43,28,8,28.57,16.0,57.14,63.64,0.0,36.36,81.75,0.0,18.25,"{'A': 1, 'C': 0, 'D': 3, 'E': 1, 'F': 3, 'G': 3, 'H': 3, 'I': 1, 'K': 0, 'L': 0, 'M': 0, 'N': 0, 'P': 0, 'Q': 1, 'R': 1, 'S': 0, 'T': 3, 'V': 2, 'W': 3, 'Y': 3}",0.16,"0 hours, 54 minutes, 9 seconds",,NIVG_8,default_filters_1,4stage_multimer_8
NIVG_67,0.496145,0.773136,0.496145,2,NIVG_l88_s171833,4stage,88,171833,-0.3,,MSWWFFDFLWDPFPVTGAEMRSWFDEQFSHMSKEEIADWAQYYAMRRKNWMKDGQRMGKEGAKKATIIVKAMKEVLTKYANKYGVKMM,"B1,B2,B3,B4,B6,B7,B8,B9,B10,B11,B12,B13,B14,B15,B16,B19,B20,B23,B27,B30,B31,B32,B34,B35,B38,B39,B42,B46,B49,B50,B53,B56,B57",0.86,0.93,0.85,0.19,0.21,0.84,0.91,21,0,-202.98,0.31,0.59,0.51,-75.33,3335.57,-2.26,77.98,54.55,33,16,48.48,10.0,30.3,70.37,0.0,29.63,78.41,0.0,21.59,"{'A': 0, 'C': 0, 'D': 4, 'E': 3, 'F': 3, 'G': 0, 'H': 1, 'I': 0, 'K': 0, 'L': 1, 'M': 4, 'N': 1, 'P': 2, 'Q': 1, 'R': 2, 'S': 2, 'T': 1, 'V': 1, 'W': 6, 'Y': 1}",0.18,"0 hours, 25 minutes, 2 seconds",,NIVG_2,default_filters_1,4stage_multimer_1
NIVG_56,0.49577,0.737725,0.49577,16,NIVG_l124_s553683,4stage,124,553683,-0.3,"A559,A579,A580,A581,A588,A504",MPVMKRARQQMPKEVMDYLTSDEMHNPWSHPADPPITFDETGFTNATPEEQEHLLEWGMFIAIEKARENGMKPTPEWVRKQVSKVENAMRDNFPVDVTARVSFYTDSNGTLRPVIEYIVTIKPP,"B23,B25,B27,B28,B29,B30,B31,B32,B33,B34,B36,B45,B46,B47,B49,B50,B53,B56,B57,B59,B60,B100,B104,B106,B107,B108,B112,B113,B114,B115,B116,B118",0.9,0.94,0.87,0.18,0.18,0.85,0.93,15,0,-352.36,0.34,0.51,0.62,-61.88,3033.59,-2.04,50.5,46.88,32,14,43.75,4.0,12.5,22.58,22.58,54.84,43.55,22.58,33.87,"{'A': 2, 'C': 0, 'D': 2, 'E': 5, 'F': 1, 'G': 0, 'H': 3, 'I': 3, 'K': 0, 'L': 0, 'M': 1, 'N': 2, 'P': 4, 'Q': 0, 'R': 2, 'S': 2, 'T': 1, 'V': 1, 'W': 2, 'Y': 1}",0.15,"1 hours, 8 minutes, 47 seconds",,NIVG_8,default_filters_1,4stage_multimer_8
NIVG_74,0.487119,0.605258,0.487119,2,NIVG_l196_s44888,4stage,196,44888,-0.3,,MKEKLKVAQAEYAKATSAGGNGMMKPEEAMVVLHALREVEEEITMFWWPDWFMRKYSRKEFAEVMTAMFDIVMEVIIRVMKYTKAKFGNKLYGMFKAAFNPADSAVVQKFVHTAASSIATGKFEGLEEMYAAAEGIMMRMGIRMDDIYMLLWDPESTAFSPAEKQDAFNVVGVMSQFMHIYFMVADEVWYWAWQMK,"B33,B34,B37,B40,B41,B44,B47,B48,B51,B130,B134,B137,B138,B141,B142,B144,B145,B148,B149,B150,B152,B153,B154,B168,B171,B172,B175,B176,B178,B179,B182,B183,B186,B187,B189,B190,B193,B194",0.88,0.93,0.87,0.18,0.21,0.88,0.91,15,0,-481.61,0.34,0.66,0.62,-79.61,3421.24,-2.33,40.78,57.89,38,11,28.95,8.0,21.05,90.62,0.0,9.38,84.18,0.0,15.82,"{'A': 0, 'C': 0, 'D': 3, 'E': 4, 'F': 2, 'G': 2, 'H': 2, 'I': 1, 'K': 0, 'L': 2, 'M': 6, 'N': 0, 'P': 1, 'Q': 2, 'R': 1, 'S': 1, 'T': 1, 'V': 1, 'W': 6, 'Y': 3}",0.15,"0 hours, 46 minutes, 9 seconds",,NIVG_2,default_filters_1,4stage_multimer_1
NIVG_13,0.460538,0.713582,0.460538,10,NIVG_l112_s965612,4stage,112,965612,-0.3,"388-392,438-442",SPKIWSVEEMISIYRSLRTEAFGTEWPHNMVPSPMRYSYLWDYENLEQMTEAEQVHVLAQMILYFISELSADIPEIRHKPHDWWIRVMQMKDPNAVRIYMSQVVAEFNAAMS,"B28,B29,B30,B31,B32,B33,B34,B35,B37,B38,B39,B40,B41,B42,B44,B60,B64,B67,B68,B71,B78,B81,B82,B84,B85,B88",0.88,0.93,0.86,0.19,0.17,0.82,0.91,17,0,-275.14,0.36,0.58,0.58,-58.86,2631.12,-2.24,48.32,53.85,26,11,42.31,5.0,19.23,67.86,0.0,32.14,70.54,0.0,29.46,"{'A': 1, 'C': 0, 'D': 2, 'E': 2, 'F': 0, 'G': 0, 'H': 3, 'I': 1, 'K': 0, 'L': 1, 'M': 3, 'N': 1, 'P': 2, 'Q': 1, 'R': 0, 'S': 3, 'T': 0, 'V': 1, 'W': 2, 'Y': 3}",0.14,"0 hours, 31 minutes, 56 seconds",,NIVG_6,default_filters_1,4stage_multimer_6
NIVG_41,0.450777,0.76852,0.450777,13,NIVG_l87_s835233,4stage,87,835233,-0.3,,LAGLSPAELIELVMSEMERIFPKFWEWQEINETNNPVEAEAHLKAFKAMVQFGEEVIFAVYEGKPQAAREETEKFLAMVKVVTMMMS,"B7,B10,B11,B13,B14,B17,B21,B24,B25,B28,B32,B43,B46,B47,B50,B51,B53,B54,B55,B57,B58,B60,B61,B62,B64",0.91,0.94,0.91,0.18,0.19,0.96,0.94,3,0,-212.94,0.32,0.67,0.61,-56.7,2040.14,-2.78,44.96,60.0,25,6,24.0,8.0,32.0,94.44,0.0,5.56,88.51,0.0,11.49,"{'A': 1, 'C': 0, 'D': 0, 'E': 5, 'F': 4, 'G': 1, 'H': 0, 'I': 2, 'K': 2, 'L': 1, 'M': 2, 'N': 0, 'P': 0, 'Q': 2, 'R': 0, 'S': 0, 'T': 0, 'V': 3, 'W': 1, 'Y': 1}",0.16,"0 hours, 40 minutes, 24 seconds",,NIVG_2,default_filters_1,4stage_multimer_8
NIVG_30,0.403664,0.78531,0.403664,12,NIVG_l56_s496163,4stage,56,496163,-0.3,,SPPTPTPKEMSEKFHDEFVRVFDEAHQQYKNGVDVDWNVAWRKFMQTDAYKYMEKM,"B7,B11,B12,B14,B15,B18,B19,B20,B22,B23,B26,B29,B30,B34,B37,B38,B41,B42,B44,B45,B50,B53,B54,B56",0.9,0.94,0.91,0.18,0.19,0.94,0.95,12,0,-134.77,0.27,0.63,0.63,-59.92,2231.43,-2.69,61.85,54.17,24,7,29.17,4.0,16.67,94.74,0.0,5.26,71.43,0.0,28.57,"{'A': 0, 'C': 0, 'D': 2, 'E': 2, 'F': 4, 'G': 0, 'H': 2, 'I': 0, 'K': 1, 'L': 0, 'M': 3, 'N': 1, 'P': 1, 'Q': 0, 'R': 2, 'S': 1, 'T': 0, 'V': 1, 'W': 2, 'Y': 2}",0.17,"0 hours, 21 minutes, 30 seconds",,NIVG_2,default_filters_1,4stage_multimer_7
NIVG_50,0.401867,0.625549,0.401867,15,NIVG_l127_s119950,4stage,127,119950,-0.3,"A559,A579,A580,A581,A588",SLTPEQVMVKHHLQLMTELNYMDWLIEPNETSVLKVLVGVMWALSEQMYLVIEAADGPRMHHPDVHDGVPHDPKGITLSASDVVVMRTLWAVAAAVFDVMKPHMPEDDRAERIMQKMEKHIQAVNSM,"B14,B17,B18,B21,B24,B25,B26,B27,B28,B46,B49,B50,B53,B57,B58,B59,B60,B61,B62,B63,B64,B65,B66,B67,B68,B69,B70,B71,B72,B74,B75,B108,B109,B112,B113,B116",0.89,0.94,0.89,0.17,0.15,0.82,0.92,14,0,-308.58,0.45,0.61,0.58,-77.68,3285.15,-2.36,62.41,38.89,36,18,50.0,14.0,38.89,58.06,0.0,41.94,74.02,0.0,25.98,"{'A': 0, 'C': 0, 'D': 4, 'E': 4, 'F': 0, 'G': 3, 'H': 4, 'I': 2, 'K': 2, 'L': 2, 'M': 1, 'N': 0, 'P': 4, 'Q': 1, 'R': 3, 'S': 0, 'T': 1, 'V': 2, 'W': 1, 'Y': 2}",0.16,"0 hours, 51 minutes, 8 seconds",,NIVG_7,default_filters_1,4stage_multimer_8
NIVG_22,0.384775,0.675986,0.384775,11,NIVG_l83_s77215,4stage,83,77215,-0.3,"388-392,438-442",PAEIKSIWSKIVTVVETMHDPYLRDQGKKALKKMEGKSPKEKVPMLWAMYTDIFGKWGGHRGVWEDNNEIRRLVKQYEKAVKK,"B14,B17,B18,B19,B20,B21,B22,B50,B51,B54,B55,B56,B57,B58,B59,B60,B61,B62,B63,B64,B65,B66,B67,B68,B69,B71",0.92,0.93,0.86,0.17,0.17,0.9,0.95,14,0,-207.15,0.29,0.62,0.6,-61.31,2415.22,-2.54,57.06,34.62,26,15,57.69,6.0,23.08,65.22,8.7,26.09,80.72,2.41,16.87,"{'A': 0, 'C': 0, 'D': 2, 'E': 2, 'F': 1, 'G': 4, 'H': 2, 'I': 0, 'K': 1, 'L': 0, 'M': 1, 'N': 2, 'P': 1, 'Q': 0, 'R': 2, 'S': 0, 'T': 2, 'V': 2, 'W': 2, 'Y': 2}",0.18,"0 hours, 22 minutes, 50 seconds",,NIVG_6,default_filters_1,4stage_multimer_7
NIVG_10,0.381542,0.700211,0.381542,10,NIVG_l81_s852087,4stage,81,852087,-0.3,"388-392,438-442",MSPEAQRNQAIVEWVRANMKKMTPEELTHARDEALDHVHYATYHLGFWRPFMTPKEIVEWAQDKAAWQALAKQIQRRLKAL,"B2,B3,B4,B5,B7,B8,B11,B14,B15,B29,B31,B32,B33,B35,B36,B37,B39,B40,B42,B43,B44,B46,B47,B48,B50,B51,B52,B53,B56,B60,B63",0.91,0.94,0.87,0.17,0.17,0.88,0.91,22,1,-184.73,0.42,0.55,0.62,-57.32,3010.62,-1.9,69.17,45.16,31,11,35.48,4.0,12.9,81.48,0.0,18.52,88.89,0.0,11.11,"{'A': 1, 'C': 0, 'D': 3, 'E': 3, 'F': 2, 'G': 1, 'H': 4, 'I': 1, 'K': 0, 'L': 1, 'M': 1, 'N': 1, 'P': 2, 'Q': 0, 'R': 2, 'S': 1, 'T': 2, 'V': 1, 'W': 3, 'Y': 2}",0.23,"0 hours, 26 minutes, 7 seconds",Relaxed structure contains clashes.,NIVG_6,default_filters_1,4stage_multimer_6
NIVG_17,0.378982,0.713191,0.378982,10,NIVG_l82_s442237,4stage,82,442237,-0.3,"388-392,438-442",EYAKEHIKRFSTMPVKEAMEVIKAEQHHWKEDVMWAEFKVNRGLKPPNHHPYDMGPAWNVEQYKGMVKAVKVVGKEVQKRAS,"B2,B6,B9,B17,B20,B21,B23,B24,B25,B27,B28,B29,B31,B32,B34,B35,B38,B39,B44,B45,B48,B49,B50,B51,B52,B54,B55",0.87,0.94,0.87,0.18,0.17,0.86,0.91,16,0,-178.75,0.37,0.63,0.61,-52.39,2664.16,-1.97,58.07,40.74,27,9,33.33,5.0,18.52,58.33,0.0,41.67,70.73,0.0,29.27,"{'A': 1, 'C': 0, 'D': 1, 'E': 4, 'F': 1, 'G': 1, 'H': 5, 'I': 0, 'K': 3, 'L': 1, 'M': 2, 'N': 1, 'P': 1, 'Q': 0, 'R': 1, 'S': 0, 'T': 0, 'V': 1, 'W': 2, 'Y': 2}",0.19,"0 hours, 27 minutes, 5 seconds",,NIVG_6,default_filters_1,4stage_multimer_6
NIVG_11,0.377509,0.730271,0.377509,10,NIVG_l81_s483284,4stage,81,483284,-0.3,"388-392,438-442",MIKPASPAEIKVLEKQMAKKVIVLREYDKADTPESITAGRALHREMIEIVVTNPNLDDRVVDMVMYPNWPHHDEYIEKYMS,"B24,B27,B28,B29,B31,B36,B39,B40,B43,B44,B47,B50,B51,B54,B58,B61,B62,B65,B66,B67,B68,B69,B70,B71,B73,B74",0.91,0.94,0.91,0.16,0.14,0.92,0.93,20,0,-184.67,0.4,0.59,0.58,-39.33,2292.09,-1.72,51.73,50.0,26,7,26.92,12.0,46.15,79.17,0.0,20.83,77.78,0.0,22.22,"{'A': 0, 'C': 0, 'D': 5, 'E': 1, 'F': 0, 'G': 1, 'H': 2, 'I': 2, 'K': 1, 'L': 1, 'M': 1, 'N': 1, 'P': 3, 'Q': 0, 'R': 2, 'S': 0, 'T': 0, 'V': 3, 'W': 1, 'Y': 2}",0.15,"0 hours, 26 minutes, 18 seconds",,NIVG_6,default_filters_1,4stage_multimer_6
NIVG_45,0.373272,0.640966,0.373272,13,NIVG_l115_s396309,4stage,115,396309,-0.3,,SAILVMEPFMGNMTERMIGYMKEHPHQPFWWGNSWVYKQFRHKVKRAFPPEQAETVMKQYTAIEYKHDLAMRLEYWAAEDAAGPENLEPRMGVVKKYHGKMAADVWALVKAVASM,"B24,B26,B27,B28,B30,B31,B33,B34,B37,B38,B41,B42,B45,B61,B64,B65,B68,B69,B72,B73,B76,B77,B79,B80",0.92,0.94,0.88,0.16,0.19,0.87,0.93,28,0,-232.7,0.51,0.59,0.52,-34.25,2147.15,-1.6,38.86,37.5,24,10,41.67,2.0,8.33,80.95,0.0,19.05,86.09,0.0,13.91,"{'A': 1, 'C': 0, 'D': 2, 'E': 2, 'F': 0, 'G': 0, 'H': 3, 'I': 0, 'K': 2, 'L': 2, 'M': 0, 'N': 1, 'P': 1, 'Q': 1, 'R': 2, 'S': 1, 'T': 1, 'V': 0, 'W': 3, 'Y': 2}",0.18,"0 hours, 45 minutes, 7 seconds",,NIVG_2,default_filters_1,4stage_multimer_8
NIVG_46,0.353655,0.592566,0.353655,13,NIVG_l141_s351628,4stage,141,351628,-0.3,,LIANTEYDHHHMWEFWNEMSAIVTEYMTGTASLDAVMARFVETFGVWHLDDLAWFVVSEMQYMSRKDWTNDAGTTMTAAVLWAEYESALKVYMAHSEYFIKFHKLEISEAEYTTAFRTMMSELEPYIAVMRPYYPVAHKIM,"B2,B5,B6,B7,B8,B9,B10,B11,B12,B13,B14,B15,B16,B18,B43,B44,B48,B50,B51,B54,B55,B58,B59,B61,B62,B65,B82,B85,B86,B89,B92,B93,B96,B99,B100,B103,B104,B105,B141",0.88,0.94,0.88,0.18,0.19,0.83,0.91,38,0,-315.44,0.41,0.47,0.55,-60.66,4114.09,-1.47,71.12,48.72,39,20,51.28,10.0,25.64,80.56,0.0,19.44,75.89,2.84,21.28,"{'A': 0, 'C': 0, 'D': 3, 'E': 5, 'F': 4, 'G': 0, 'H': 5, 'I': 2, 'K': 1, 'L': 2, 'M': 3, 'N': 0, 'P': 0, 'Q': 1, 'R': 1, 'S': 2, 'T': 2, 'V': 0, 'W': 4, 'Y': 4}",0.15,"0 hours, 57 minutes, 20 seconds",,NIVG_2,default_filters_1,4stage_multimer_8
NIVG_77,0.321513,0.476086,0.321513,4,NIVG_l167_s402658,4stage,167,402658,-0.3,"385-395,435-445",IPLEALMRKMVRQYKYMVARLQRGEGMNPKMNAQMRRLMGDLEKVIEKIVAPGATNFEADFAKFMKIQIQFIEVMAEIRKTSPNQYSREIAAKLAERITSYVGYTAHVVAHDATNPHGKIMYQVKEIMHEIDWKIHPELHFHGFDPPTADDMKIMVNGFRKIVKMMS,"B1,B6,B20,B85,B86,B89,B90,B93,B96,B97,B99,B100,B103,B104,B107,B110,B111,B113,B118,B119,B122,B125,B126,B128,B129,B132,B133,B135,B136,B137,B138,B139,B140,B141,B142,B143,B144,B145,B146",0.87,0.93,0.86,0.19,0.19,0.81,0.92,13,0,-379.45,0.32,0.53,0.54,-76.69,3663.47,-2.09,50.26,41.03,39,15,38.46,4.0,10.26,67.74,0.0,32.26,78.44,0.0,21.56,"{'A': 2, 'C': 0, 'D': 2, 'E': 4, 'F': 2, 'G': 3, 'H': 6, 'I': 3, 'K': 3, 'L': 2, 'M': 1, 'N': 0, 'P': 2, 'Q': 1, 'R': 2, 'S': 1, 'T': 1, 'V': 0, 'W': 1, 'Y': 3}",0.16,"0 hours, 39 minutes, 17 seconds",,NIVG_4,default_filters_1,4stage_multimer_1
NIVG_64,0.308644,0.596117,0.308644,2,NIVG_l116_s240095,4stage,116,240095,-0.3,,SPAAMVARMKKHAALVANATSPDEYKAHQRGGQAAFKKARNVAVKTAAQLREAIENGDEKEAYAREWDFHKVVEHMSQFVTEIYFYAWKTGDQESWAVVNNMMAEQQDLIEMMYFM,"B17,B63,B66,B67,B69,B70,B73,B74,B77,B78,B80,B81,B82,B84,B85,B88,B96,B99,B100,B103,B106,B110,B113,B114",0.94,0.93,0.91,0.17,0.19,0.95,0.96,4,0,-276.28,0.34,0.68,0.67,-58.73,2054.24,-2.86,32.73,62.5,24,12,50.0,6.0,25.0,100.0,0.0,0.0,89.66,0.0,10.34,"{'A': 1, 'C': 0, 'D': 0, 'E': 3, 'F': 2, 'G': 0, 'H': 1, 'I': 1, 'K': 0, 'L': 0, 'M': 2, 'N': 1, 'P': 0, 'Q': 2, 'R': 0, 'S': 1, 'T': 1, 'V': 3, 'W': 3, 'Y': 3}",0.15,"0 hours, 28 minutes, 52 seconds",,NIVG_2,default_filters_1,4stage_multimer_1
NIVG_2,0.306982,0.632383,0.306982,10,NIVG_l91_s71216,4stage,91,71216,-0.3,"388-392,438-442",MISWEEHRKKYLQVRMKMYEADELQEEEEYATLTGDTAAAAVYSAKVTAATKVVIADLEALKAQTTGDNVKMLQHHITELKAGDRFDFRKP,"B4,B7,B8,B11,B12,B15,B16,B19,B20,B22,B23,B26,B27,B29,B30,B33,B68,B69,B71,B72,B75,B76,B79,B82,B84,B85,B86,B87,B88,B89,B90,B91",0.87,0.93,0.86,0.18,0.16,0.86,0.93,10,0,-234.63,0.34,0.55,0.53,-56.65,2963.78,-1.91,68.42,37.5,32,15,46.88,14.0,43.75,71.43,0.0,28.57,78.02,0.0,21.98,"{'A': 1, 'C': 0, 'D': 4, 'E': 6, 'F': 2, 'G': 0, 'H': 3, 'I': 0, 'K': 2, 'L': 2, 'M': 2, 'N': 1, 'P': 1, 'Q': 0, 'R': 4, 'S': 0, 'T': 0, 'V': 0, 'W': 1, 'Y': 3}",0.18,"0 hours, 23 minutes, 22 seconds",,NIVG_6,default_filters_1,4stage_multimer_6
NIVG_60,0.266278,0.540229,0.266278,26,NIVG_l117_s88673,3stage,117,88673,0.95,"A240,A242,A239,A241",WEEFLRQWNAIMSELKEWVKRQEDRAEAKAFIETLLEQIIKYMMLIEEADRHHHSPWSYWAMEEMDKQEAQMEKLMGAHGLLKIFKRLIEMMNRFGWHPRIIMRIIEKQMRRFIEEI,"B46,B49,B50,B51,B52,B53,B54,B55,B56,B57,B58,B59,B60,B62,B63,B64,B65,B66,B93,B94,B95,B96,B97,B98,B100",0.94,0.92,0.84,0.18,0.12,0.89,0.95,11,0,-299.98,0.28,0.63,0.62,-60.0,2706.94,-2.22,46.27,40.0,25,12,48.0,6.0,24.0,72.73,0.0,27.27,85.47,0.0,14.53,"{'A': 1, 'C': 0, 'D': 2, 'E': 2, 'F': 1, 'G': 1, 'H': 4, 'I': 1, 'K': 0, 'L': 0, 'M': 2, 'N': 1, 'P': 1, 'Q': 0, 'R': 3, 'S': 2, 'T': 0, 'V': 0, 'W': 3, 'Y': 1}",0.22,"0 hours, 45 minutes, 57 seconds",,NIVG_9,default_filters_1,4stage_multimer_peptide
NIVG_3,0.25901,0.527081,0.25901,10,NIVG_l111_s917160,4stage,111,917160,-0.3,"388-392,438-442",SIKGVVTAAADKIFWIWYFDTHDWNFRRTPAFNGVMDVMEIASIRLDLLIMRIDEMTPAQVHAEMMKVYRWAMTEMGAILARAKPAWGPEPIRQIGIFRAIMQPALGAVAG,"B7,B10,B11,B14,B15,B17,B18,B19,B20,B21,B22,B23,B24,B25,B26,B27,B28,B33,B37,B40,B41,B44,B47,B48,B50,B51",0.9,0.93,0.88,0.18,0.16,0.89,0.95,17,0,-258.14,0.38,0.65,0.61,-52.84,2514.87,-2.1,49.41,50.0,26,10,38.46,5.0,19.23,79.17,0.0,20.83,82.88,0.0,17.12,"{'A': 1, 'C': 0, 'D': 5, 'E': 1, 'F': 3, 'G': 0, 'H': 1, 'I': 3, 'K': 0, 'L': 1, 'M': 1, 'N': 2, 'P': 0, 'Q': 0, 'R': 2, 'S': 0, 'T': 2, 'V': 0, 'W': 3, 'Y': 1}",0.19,"0 hours, 27 minutes, 38 seconds",,NIVG_6,default_filters_1,4stage_multimer_6
NIVG_62,0.245648,0.549777,0.245648,2,NIVG_l107_s997032,4stage,107,997032,-0.3,,SPIQAIMALISAIMEEWTHAMWLAIHDPTNTAARAKMARLAAIMETQVIPKMKALPEVPKALVDQAQNVYNLMREGIVPGPNAAMKMETADRQLDHVWYQLHRLSPM,"B7,B11,B14,B15,B16,B18,B19,B21,B22,B23,B25,B26,B36,B85,B88,B91,B92,B95,B96,B98,B99,B102,B103,B105,B106,B107",0.9,0.92,0.84,0.19,0.22,0.89,0.93,21,0,-268.86,0.35,0.57,0.58,-41.65,2315.01,-1.8,47.98,42.31,26,8,30.77,4.0,15.38,90.48,0.0,9.52,82.24,0.0,17.76,"{'A': 0, 'C': 0, 'D': 2, 'E': 3, 'F': 0, 'G': 0, 'H': 4, 'I': 1, 'K': 1, 'L': 1, 'M': 5, 'N': 0, 'P': 1, 'Q': 0, 'R': 2, 'S': 2, 'T': 1, 'V': 0, 'W': 2, 'Y': 1}",0.18,"0 hours, 26 minutes, 30 seconds",,NIVG_2,default_filters_1,4stage_multimer_1
NIVG_23,0.243601,0.415926,0.243601,12,NIVG_l164_s697823,4stage,164,697823,-0.3,,MSEPERLENTMKSLETQMVTIFKNVKPGQEVAAMDKMHAIGKKIVGKALEMMEVRERNPSLDPWKYQHIAADYAWDAIEIMSGIIDHKLHDRILAALYTGPNRQQVSQRLWIFHHAFYNAWEASDIMYWGPRPLTSAEMGTHLGTIASSMEIMSKEVGEIVRLA,"B19,B22,B72,B75,B76,B79,B80,B82,B83,B85,B86,B87,B90,B91,B93,B94,B97,B98,B107,B108,B110,B111,B113,B114,B115,B117,B118,B119,B121,B122,B128,B129,B131",0.91,0.93,0.88,0.17,0.2,0.92,0.95,8,0,-417.38,0.31,0.63,0.61,-64.3,2847.89,-2.26,39.69,54.55,33,14,42.42,4.0,12.12,100.0,0.0,0.0,84.76,0.0,15.24,"{'A': 0, 'C': 0, 'D': 4, 'E': 2, 'F': 3, 'G': 1, 'H': 4, 'I': 3, 'K': 0, 'L': 3, 'M': 0, 'N': 1, 'P': 1, 'Q': 1, 'R': 0, 'S': 2, 'T': 0, 'V': 1, 'W': 4, 'Y': 3}",0.17,"0 hours, 37 minutes, 11 seconds",,NIVG_2,default_filters_1,4stage_multimer_7
NIVG_55,0.22665,0.447073,0.22665,16,NIVG_l93_s866726,4stage,93,866726,-0.3,"A559,A579,A580,A581,A588,A504",RTMSVEEMYKALRHYIMDAGEDPNFHDTFYTLMDAVMPVLTAVAKAGTPAMRAAAREAIKPIRHARTFGYPHEMYGAMWDARDALAVIRNAMR,"B15,B16,B17,B18,B19,B20,B21,B22,B23,B25,B26,B27,B30,B60,B61,B64,B65,B66,B67,B68,B69,B70,B71,B72,B73,B75,B76,B77,B79,B80,B82,B83",0.91,0.94,0.9,0.15,0.14,0.88,0.93,26,1,-223.68,0.39,0.65,0.59,-55.63,2901.35,-1.92,70.7,46.88,32,15,46.88,9.0,28.12,74.19,0.0,25.81,81.72,0.0,18.28,"{'A': 3, 'C': 0, 'D': 5, 'E': 2, 'F': 2, 'G': 3, 'H': 3, 'I': 1, 'K': 1, 'L': 0, 'M': 1, 'N': 0, 'P': 3, 'Q': 0, 'R': 2, 'S': 0, 'T': 1, 'V': 0, 'W': 1, 'Y': 4}",0.22,"0 hours, 42 minutes, 58 seconds",Relaxed structure contains clashes.,NIVG_8,default_filters_1,4stage_multimer_8
NIVG_75,0.211547,0.496984,0.211547,4,NIVG_l116_s481261,4stage,116,481261,-0.3,"385-395,435-445",EVAAIKEVVVAVSRMRNMVQGWEKKAKANPNEVFPFTHHVHITEYDKLHNQYRAVMNALVNMTDPLVQKFKDVVHDVMYTLTIMYYNWAPIAEMVAFMTPAMGTIEGMVGQLVAKY,"B36,B37,B38,B39,B40,B41,B42,B43,B45,B46,B49,B50,B53,B56,B60,B71,B75,B76,B78,B79,B82,B83,B85,B86,B87,B88",0.93,0.94,0.88,0.16,0.14,0.89,0.97,20,0,-288.71,0.34,0.65,0.61,-63.02,2490.38,-2.53,46.02,46.15,26,15,57.69,9.0,34.62,59.09,0.0,40.91,76.72,0.0,23.28,"{'A': 0, 'C': 0, 'D': 2, 'E': 0, 'F': 1, 'G': 0, 'H': 5, 'I': 2, 'K': 1, 'L': 0, 'M': 2, 'N': 2, 'P': 0, 'Q': 0, 'R': 1, 'S': 0, 'T': 3, 'V': 2, 'W': 1, 'Y': 4}",0.16,"0 hours, 32 minutes, 31 seconds",,NIVG_4,default_filters_1,4stage_multimer_1
NIVG_36,0.20951,0.353354,0.20951,12,NIVG_l152_s181463,4stage,152,181463,-0.3,,MKHPFVKLYQEMSDWEYYRMNQMTGGMSYFFEKHPGVLAKFIAAFSAEYGTDASKMMADWNEEMAEGRGPGFAMRKVHYHMEDGFRKKTGETFYASRGAEAGIIIVYILHKVLSQEEYDAFMSSMKPTYNHHWWPMTPEEYKEMAREILGRM,"B9,B12,B13,B14,B15,B17,B18,B19,B21,B22,B24,B25,B28,B29,B69,B70,B71,B72,B74,B75,B76,B78,B79,B96,B97,B98,B126,B127,B128,B129,B130,B131,B132,B133,B134,B135,B136,B137,B140,B143",0.88,0.93,0.88,0.17,0.19,0.79,0.9,25,1,-364.52,0.32,0.59,0.59,-72.63,3766.06,-1.93,65.99,40.0,40,11,27.5,18.0,45.0,65.62,0.0,34.38,76.32,0.0,23.68,"{'A': 0, 'C': 0, 'D': 1, 'E': 2, 'F': 1, 'G': 4, 'H': 3, 'I': 0, 'K': 2, 'L': 0, 'M': 3, 'N': 2, 'P': 3, 'Q': 1, 'R': 3, 'S': 3, 'T': 3, 'V': 0, 'W': 3, 'Y': 6}",0.19,"0 hours, 34 minutes, 54 seconds",Relaxed structure contains clashes.,NIVG_2,default_filters_1,4stage_multimer_7
NIVG_44,0.199255,0.34867,0.199255,13,NIVG_l218_s86990,4stage,218,86990,-0.3,,SLMAMLATARSQMFDVVAKEWSKMELPDNPKVKRFVWKQVQHIVNHLTDMFYLMREVVETGKRHYHDDIIHQVWQAGYASQGIIKGLPRPMTGSQVYAANNMTFGHYDVVFKNAIEGATQEHVRYLIEVVAEGMIEWAYYDAYWWKDRLTPAEFQVYLNAMLDSVGPNIVNVMRAGGIPPSERRAFREEFRTTMQDAIDNDISVNTVIAKMLALLRSM,"B35,B38,B39,B42,B49,B52,B53,B63,B64,B65,B66,B67,B68,B70,B71,B72,B74,B75,B78,B79,B81,B82,B85,B136,B137,B140,B143,B144,B147,B148,B204,B205,B208",0.92,0.94,0.9,0.15,0.17,0.92,0.93,8,0,-570.97,0.37,0.59,0.66,-47.47,2722.15,-1.74,31.56,42.42,33,10,30.3,11.0,33.33,84.62,0.0,15.38,82.11,0.0,17.89,"{'A': 1, 'C': 0, 'D': 4, 'E': 1, 'F': 1, 'G': 1, 'H': 4, 'I': 2, 'K': 2, 'L': 1, 'M': 0, 'N': 1, 'P': 0, 'Q': 4, 'R': 2, 'S': 0, 'T': 0, 'V': 1, 'W': 3, 'Y': 5}",0.18,"1 hours, 28 minutes, 13 seconds",,NIVG_2,default_filters_1,4stage_multimer_8
NIVG_54,0.187154,0.436321,0.187154,16,NIVG_l145_s656696,4stage,145,656696,-0.3,"A559,A579,A580,A581,A588,A504",MAALEAFMMNLDPNRDPADKFVFQSDVKRYFVEVNTGHNWERRAKSIQIAITKSKMTLKEYVKVMTFIVKLMMSSRKPPPTFVDILYDFAWIWQDYAQQSDMPAAVKQVSFWIDYDTDYMRTYPLHQSDMKHEVLADLAQLAALM,"B37,B38,B40,B43,B76,B77,B80,B81,B84,B87,B91,B94,B112,B114,B115,B116,B118,B119,B121,B122,B123,B124,B125,B126,B127,B129,B130,B133,B137",0.89,0.93,0.87,0.18,0.18,0.84,0.9,13,0,-315.19,0.44,0.49,0.56,-49.75,3120.1,-1.59,48.31,37.93,29,13,44.83,6.0,20.69,80.0,0.0,20.0,80.69,0.0,19.31,"{'A': 0, 'C': 0, 'D': 6, 'E': 1, 'F': 0, 'G': 1, 'H': 2, 'I': 0, 'K': 1, 'L': 1, 'M': 1, 'N': 0, 'P': 2, 'Q': 2, 'R': 3, 'S': 0, 'T': 2, 'V': 0, 'W': 3, 'Y': 4}",0.28,"0 hours, 58 minutes, 19 seconds",,NIVG_8,default_filters_1,4stage_multimer_8
NIVG_58,0.166659,0.411681,0.166659,18,NIVG_l138_s576065,4stage,138,576065,-0.3,"A559,A579,A580,A581,A588",MGFHHDWPPIIAGGVPAIAQAAVAEMTRIAALVEQFPVPPAYMATFKSKLNAAKARVASEPDVAITQLHAIADEAQEEVMKAFVSKFFATPGQDVGLTHPGEAEYIAAQHAMNQVWYGSHDVWFYSQQAQKVQRESAG,"B1,B2,B3,B4,B5,B6,B7,B10,B28,B69,B73,B77,B80,B81,B83,B84,B88,B91,B92,B93,B94,B95,B96,B97,B98,B99,B102,B105,B106,B109,B110,B112,B113,B114,B116,B117,B119,B120,B123,B124,B127,B128,B130,B131,B134,B138",0.89,0.94,0.89,0.18,0.17,0.81,0.94,26,0,-299.76,0.52,0.52,0.58,-81.25,3951.54,-2.06,66.18,39.13,46,15,32.61,11.0,23.91,63.04,0.0,36.96,71.74,0.0,28.26,"{'A': 0, 'C': 0, 'D': 3, 'E': 2, 'F': 4, 'G': 4, 'H': 6, 'I': 2, 'K': 2, 'L': 1, 'M': 3, 'N': 1, 'P': 1, 'Q': 6, 'R': 2, 'S': 1, 'T': 1, 'V': 2, 'W': 3, 'Y': 2}",0.2,"0 hours, 58 minutes, 22 seconds",,NIVG_7,default_filters_1,4stage_multimer_9
NIVG_49,0.1658,0.420091,0.1658,15,NIVG_l114_s209701,4stage,114,209701,-0.3,"A559,A579,A580,A581,A588",MSPGKQSHKVMIEASELLRDTGEKVLEDRVWDTYAVNSYHWSHYNDTRTNPTPYRMYHQIMVEVVRAMAVLIARAAANGDPQVVAQARTLYARGKVLATVEATRDAAYTAFHVG,"B2,B4,B5,B8,B9,B12,B27,B28,B31,B32,B34,B35,B36,B37,B38,B39,B40,B41,B42,B43,B44,B45,B46,B47,B48,B49,B50,B53,B56,B57,B108,B112,B113,B114",0.92,0.94,0.89,0.16,0.16,0.86,0.94,15,0,-279.68,0.47,0.59,0.64,-72.22,3154.63,-2.29,63.27,38.24,34,13,38.24,15.0,44.12,75.0,0.0,25.0,84.21,0.0,15.79,"{'A': 1, 'C': 0, 'D': 3, 'E': 1, 'F': 0, 'G': 2, 'H': 4, 'I': 1, 'K': 2, 'L': 0, 'M': 1, 'N': 3, 'P': 1, 'Q': 0, 'R': 1, 'S': 3, 'T': 2, 'V': 2, 'W': 2, 'Y': 5}",0.17,"0 hours, 49 minutes, 56 seconds",,NIVG_7,default_filters_1,4stage_multimer_8
NIVG_7,0.163019,0.474465,0.163019,10,NIVG_l94_s303026,4stage,94,303026,-0.3,"388-392,438-442",MPEKVRNMVLNAVMIAALKPAIKELHKAKFVPWYTIYDMEWWVEQIKQDPNFVAEFFKRPDAKEKAQGWVKAMKGTKMYKPFKAVMDGIYAVVH,"B26,B28,B29,B30,B31,B32,B33,B34,B35,B36,B37,B38,B41,B42,B44,B56,B59,B60,B64,B65,B66,B67,B68,B69,B71,B72",0.91,0.94,0.88,0.16,0.14,0.87,0.92,13,0,-211.45,0.44,0.63,0.55,-49.15,2607.92,-1.88,54.85,57.69,26,8,30.77,9.0,34.62,66.67,0.0,33.33,75.53,0.0,24.47,"{'A': 3, 'C': 0, 'D': 1, 'E': 2, 'F': 2, 'G': 1, 'H': 1, 'I': 1, 'K': 3, 'L': 0, 'M': 0, 'N': 0, 'P': 2, 'Q': 1, 'R': 1, 'S': 0, 'T': 1, 'V': 1, 'W': 4, 'Y': 2}",0.17,"0 hours, 27 minutes, 47 seconds",,NIVG_6,default_filters_1,4stage_multimer_6
NIVG_65,0.098881,0.381411,0.098881,2,NIVG_l89_s228296,4stage,89,228296,-0.3,,IIAEIKGQKTTVITMMGKVDAYFQGQWEHPAYKAIDSLMDILYYHLWEMEFYSRKMATDPHAAREYTEAEAYVKAHMPALKAMVAALVP,"B2,B6,B9,B12,B13,B16,B17,B20,B27,B30,B32,B33,B34,B36,B37,B39,B40,B41,B43,B44,B45,B47,B48,B50,B51,B52,B54,B55,B58,B59,B60,B61,B62,B64,B65,B68,B72",0.86,0.93,0.84,0.19,0.21,0.94,0.95,16,0,-217.8,0.38,0.52,0.6,-55.05,3274.43,-1.68,81.1,48.65,37,13,35.14,4.0,10.81,84.85,0.0,15.15,83.15,0.0,16.85,"{'A': 2, 'C': 0, 'D': 4, 'E': 4, 'F': 1, 'G': 1, 'H': 2, 'I': 3, 'K': 4, 'L': 0, 'M': 2, 'N': 0, 'P': 2, 'Q': 0, 'R': 2, 'S': 1, 'T': 1, 'V': 1, 'W': 2, 'Y': 5}",0.17,"0 hours, 24 minutes, 28 seconds",,NIVG_2,default_filters_1,4stage_multimer_1
NIVG_28,0.012111,0.095017,0.012111,12,NIVG_l212_s501902,4stage,212,501902,-0.3,,MLDVNMIVDMVADSGPLAAMDMANHMGGLVWFMWFWAGPEDKETNLVVTALYAEVDELWAYFTEQYEAGTSEQEMAPNVRAKVPGVLERVILAASKFRATRDEAVAILIHNIIVFALDNNMVTEAHVKGLRMLKQWFMASTDRTAQKVVISSMEHWIYILMHQVPPSEHDRVRQVDQNVYDGMVNFDKGADPKPFMNVAMDLLIDIIWTNFM,"B17,B20,B21,B24,B25,B27,B28,B29,B31,B32,B34,B35,B36,B37,B38,B52,B59,B63,B66,B67,B98,B103,B107,B110,B111,B115,B118,B119,B120,B144,B147,B148,B150,B151,B154,B155,B157,B158,B161,B162,B173,B176,B177,B179,B180,B183,B184,B187",0.93,0.94,0.92,0.15,0.17,0.92,0.94,10,0,-551.13,0.31,0.64,0.64,-87.43,3544.25,-2.47,41.09,47.92,48,14,29.17,5.0,10.42,94.59,0.0,5.41,83.96,0.0,16.04,"{'A': 1, 'C': 0, 'D': 4, 'E': 3, 'F': 3, 'G': 3, 'H': 4, 'I': 3, 'K': 1, 'L': 2, 'M': 3, 'N': 4, 'P': 0, 'Q': 1, 'R': 2, 'S': 1, 'T': 2, 'V': 3, 'W': 4, 'Y': 4}",0.17,"0 hours, 45 minutes, 42 seconds",,NIVG_2,default_filters_1,4stage_multimer_7
NIVG_14,0.012089,0.243685,0.012089,10,NIVG_l81_s268549,4stage,81,268549,-0.3,"388-392,438-442",MVWEMLNKFVEVAKQMAANHPPEVAAVVVKMGEERRDKMWDYIHLTWGITMEQIRALVKTSLAALVAEVRAYIKASEARMS,"B1,B2,B3,B4,B36,B37,B40,B41,B42,B43,B44,B45,B46,B47,B48,B49,B50,B51,B54",0.93,0.93,0.86,0.18,0.16,0.88,0.94,4,0,-202.68,0.48,0.63,0.64,-45.05,1714.41,-2.63,38.5,57.89,19,8,42.11,8.0,42.11,64.71,0.0,35.29,86.42,0.0,13.58,"{'A': 0, 'C': 0, 'D': 2, 'E': 1, 'F': 0, 'G': 1, 'H': 1, 'I': 3, 'K': 0, 'L': 1, 'M': 2, 'N': 0, 'P': 0, 'Q': 0, 'R': 1, 'S': 0, 'T': 2, 'V': 1, 'W': 3, 'Y': 1}",0.17,"0 hours, 26 minutes, 20 seconds",,NIVG_6,default_filters_1,4stage_multimer_6
NIVG_61,0.011867,0.082142,0.011867,26,NIVG_l98_s804263,3stage,98,804263,0.95,"A240,A242,A239,A241",SKAMMMKVIEYLIRSWIWMFFIWLWAQSTSKRMSEQMNWVIDWYFRSVYDVMDHAMYEWKQSANKEALWKSVLEILQKMWADFLADVKYVIEMMKRWN,"B5,B8,B9,B10,B11,B12,B13,B14,B15,B16,B17,B19,B20,B22",0.9,0.93,0.87,0.18,0.22,0.89,0.91,233,81,5601.82,0.59,0.09,0.4,12301.24,1583.22,776.98,3.23,78.57,14,1,7.14,7.0,50.0,100.0,0.0,0.0,91.84,0.0,8.16,"{'A': 0, 'C': 0, 'D': 0, 'E': 1, 'F': 1, 'G': 0, 'H': 0, 'I': 4, 'K': 0, 'L': 1, 'M': 2, 'N': 0, 'P': 0, 'Q': 0, 'R': 1, 'S': 1, 'T': 0, 'V': 1, 'W': 1, 'Y': 1}",0.18,"0 hours, 43 minutes, 21 seconds",Relaxed structure contains clashes.,NIVG_9,default_filters_1,4stage_multimer_peptide
NIVG_16,0.011578,0.133735,0.011578,10,NIVG_l99_s754873,4stage,99,754873,-0.3,"388-392,438-442",PQAEVKAKMQEVYQVDSKRIEALRDKALDDPHSTWYHIGYYDVMMYKMREQAKTGGDPADLEYMVRKLEESVRIHAKHPWHRVYTAMRDMAKKMIEVAN,"B28,B29,B30,B31,B32,B33,B34,B35,B36,B38,B39,B40,B42,B43,B44,B46,B47,B60,B63,B67,B68,B70,B71,B74,B75,B77,B78,B84",0.93,0.94,0.89,0.15,0.14,0.88,0.94,12,0,-243.34,0.36,0.56,0.63,-64.67,2777.67,-2.33,57.92,46.43,28,12,42.86,15.0,53.57,76.0,0.0,24.0,83.84,0.0,16.16,"{'A': 0, 'C': 0, 'D': 4, 'E': 1, 'F': 0, 'G': 1, 'H': 3, 'I': 2, 'K': 3, 'L': 2, 'M': 1, 'N': 0, 'P': 1, 'Q': 0, 'R': 0, 'S': 2, 'T': 1, 'V': 1, 'W': 1, 'Y': 5}",0.2,"0 hours, 25 minutes, 35 seconds",,NIVG_6,default_filters_1,4stage_multimer_6
NIVG_6,0.0,0.051969,0.0,10,NIVG_l73_s657017,4stage,73,657017,-0.3,"388-392,438-442",MPTDIREMEPAERQEVYARADVEMDAYIENALPEAMEALHAETGRPPTHHDIRLEVNTTYMALVKEVMEEMES,"B6,B7,B8,B10,B13,B14,B17,B18,B21,B24,B25,B28,B29,B32,B33,B36,B45,B46,B47,B48,B49,B50,B52,B53,B54,B56,B57,B58,B60,B61",0.87,0.93,0.87,0.19,0.16,0.87,0.89,26,0,-156.38,0.41,0.49,0.57,-52.64,3126.51,-1.68,82.95,53.33,30,10,33.33,8.0,26.67,86.21,0.0,13.79,82.19,0.0,17.81,"{'A': 1, 'C': 0, 'D': 2, 'E': 2, 'F': 0, 'G': 0, 'H': 2, 'I': 2, 'K': 0, 'L': 2, 'M': 4, 'N': 1, 'P': 4, 'Q': 1, 'R': 4, 'S': 0, 'T': 2, 'V': 1, 'W': 0, 'Y': 2}",0.23,"0 hours, 24 minutes, 9 seconds",,NIVG_6,default_filters_1,4stage_multimer_6
NIVG_9,0.0,0.0,0.0,10,NIVG_l107_s734389,4stage,107,734389,-0.3,"388-392,438-442",MARLQEMIMEYMPTTYHSYWDPVAYADQDMYWQMYGIAYRHGTPTIEDGQKLLATMEGNVQYVMKKSRPEDPVVKVWKANMEAKIEIMREAVNNQGDMEEAFKQILM,"B9,B12,B13,B14,B15,B16,B17,B18,B19,B20,B21,B22,B23,B24,B25,B28,B29,B32,B33,B35,B36,B39,B40,B55,B62,B65,B66,B67,B68,B73",0.9,0.93,0.88,0.18,0.15,0.82,0.93,9,0,-265.75,0.42,0.59,0.57,-69.95,3181.42,-2.2,68.69,50.0,30,15,50.0,11.0,36.67,56.0,0.0,44.0,76.64,0.0,23.36,"{'A': 1, 'C': 0, 'D': 2, 'E': 0, 'F': 0, 'G': 1, 'H': 1, 'I': 0, 'K': 2, 'L': 0, 'M': 2, 'N': 0, 'P': 2, 'Q': 2, 'R': 2, 'S': 2, 'T': 3, 'V': 2, 'W': 2, 'Y': 6}",0.17,"0 hours, 29 minutes, 57 seconds",,NIVG_6,default_filters_1,4stage_multimer_6
NIVG_12,0.0,0.011463,0.0,10,NIVG_l91_s419587,4stage,91,419587,-0.3,"388-392,438-442",IPFDYINPDTGKTAWDYYAIMTYDTFHYPMDPAEWRRNEALDKVFWELYPKMSKHTDKAQLHQVMVAMERAIWGDISPAQYRSMATTILDP,"B2,B4,B12,B13,B15,B16,B18,B19,B20,B21,B22,B23,B24,B25,B26,B27,B28,B29,B30,B31,B32,B35,B36,B38,B39,B42,B43,B46,B72,B73",0.88,0.94,0.88,0.17,0.17,0.89,0.91,23,0,-217.51,0.48,0.61,0.63,-59.6,2811.4,-2.12,70.58,53.33,30,9,30.0,11.0,36.67,75.0,0.0,25.0,68.13,0.0,31.87,"{'A': 1, 'C': 0, 'D': 5, 'E': 1, 'F': 1, 'G': 0, 'H': 1, 'I': 2, 'K': 2, 'L': 0, 'M': 2, 'N': 1, 'P': 3, 'Q': 0, 'R': 1, 'S': 0, 'T': 3, 'V': 0, 'W': 4, 'Y': 3}",0.16,"0 hours, 25 minutes, 23 seconds",,NIVG_6,default_filters_1,4stage_multimer_6
NIVG_20,0.0,0.0,0.0,11,NIVG_l75_s189378,4stage,75,189378,-0.3,"388-392,438-442",SIMTTMRKMKKMIWVMYKNGMPTVPIADEMVREFKRTHPGNKPMIKVLEDISNAVWHMEHGPFWVREYMEEWMRV,"B24,B28,B46,B52,B53,B56,B57,B59,B60,B61,B62,B63,B64,B65,B66,B67,B68,B69,B71,B72,B75",0.88,0.94,0.87,0.19,0.18,0.91,0.92,4,0,-174.05,0.32,0.69,0.62,-46.07,2009.47,-2.29,50.07,47.62,21,6,28.57,4.0,19.05,85.71,0.0,14.29,82.67,0.0,17.33,"{'A': 0, 'C': 0, 'D': 1, 'E': 3, 'F': 1, 'G': 1, 'H': 2, 'I': 0, 'K': 1, 'L': 0, 'M': 1, 'N': 1, 'P': 1, 'Q': 0, 'R': 1, 'S': 1, 'T': 0, 'V': 3, 'W': 3, 'Y': 1}",0.19,"0 hours, 21 minutes, 38 seconds",,NIVG_6,default_filters_1,4stage_multimer_7
NIVG_25,0.0,0.012831,0.0,12,NIVG_l112_s466743,4stage,112,466743,-0.3,,VTFTQEEVVELSHIVDMMQVGMRRHQELFVKEEKIGRSKEEKKMLADDLIWSLLHLVPWDMEPLLRAYAQSMPAEIHASYETLMNWKIEDPLTHEEVLKIGKNIIKMLRSIV,"B6,B7,B9,B10,B13,B17,B20,B21,B24,B25,B28,B32,B37,B41,B44,B45,B47,B48,B49,B51,B52,B55,B56,B59,B60,B61,B88",0.9,0.94,0.9,0.17,0.19,0.89,0.92,6,0,-270.91,0.29,0.55,0.58,-47.13,2289.67,-2.06,40.24,44.44,27,6,22.22,3.0,11.11,88.46,0.0,11.54,80.36,0.0,19.64,"{'A': 0, 'C': 0, 'D': 3, 'E': 5, 'F': 0, 'G': 1, 'H': 3, 'I': 1, 'K': 0, 'L': 4, 'M': 3, 'N': 0, 'P': 0, 'Q': 0, 'R': 2, 'S': 1, 'T': 0, 'V': 2, 'W': 2, 'Y': 0}",0.15,"0 hours, 29 minutes, 9 seconds",,NIVG_2,default_filters_1,4stage_multimer_7
NIVG_47,0.0,0.01145,0.0,13,NIVG_l160_s923618,4stage,160,923618,-0.3,,MYWEDRAYWHIMLMIDGLSSSMMHVVDAHKNQISQAEIQRFIAVMETFMGKIMINFNTWYDKYLAAKDHTDPNNSGTRFMNAEFATAAAMLKKEMAGSPIYTLMMKFIEVWHAVANPHMDKIFKMVIDAGQVSWEEGEKMIWKADKIFIRLMDEVVQRVM,"B1,B2,B3,B4,B5,B6,B8,B9,B10,B12,B13,B14,B15,B16,B17,B19,B20,B22,B23,B24,B27,B41,B42,B45,B46,B49,B50,B53,B57,B60,B61,B64,B138,B142,B145,B146,B148,B149,B152,B153",0.89,0.93,0.89,0.18,0.2,0.85,0.91,29,1,-373.73,0.38,0.61,0.57,-73.63,3474.21,-2.12,47.07,55.0,40,14,35.0,13.0,32.5,84.38,0.0,15.62,85.0,0.0,15.0,"{'A': 0, 'C': 0, 'D': 6, 'E': 3, 'F': 2, 'G': 2, 'H': 2, 'I': 3, 'K': 1, 'L': 2, 'M': 9, 'N': 1, 'P': 0, 'Q': 0, 'R': 1, 'S': 2, 'T': 0, 'V': 0, 'W': 3, 'Y': 3}",0.18,"1 hours, 3 minutes, 53 seconds",Relaxed structure contains clashes.,NIVG_2,default_filters_1,4stage_multimer_8
NIVG_37,0.0,0.0,0.0,12,NIVG_l184_s860156,4stage,184,860156,-0.3,,DSAWEFNWHLEMAFYYVIETMSDNWITVVYTHITENWGPVDAALWTAEKTPKGSSAQTAAMEGALTAFVSVMETALEKVKGHPEAEIQFAKGMFQAFIYHGPWIFTHIDAQPWVDFMGIVFAVINTDASDPEAEFATFWSQFEVEVITGATSDREMYHRRQDFTRRWAVDHPALFDGFPWVNVM,"B1,B2,B4,B5,B8,B9,B11,B12,B14,B15,B16,B18,B19,B20,B23,B26,B27,B30,B33,B34,B37,B41,B44,B45,B48,B49,B50,B51,B52,B95,B99,B100,B103,B153,B154,B157,B158,B160,B161,B165,B177,B178,B179,B180,B183",0.9,0.93,0.87,0.17,0.19,0.85,0.91,16,0,-456.88,0.3,0.56,0.6,-73.92,4117.37,-1.8,59.07,46.67,45,13,28.89,10.0,22.22,78.38,0.0,21.62,79.89,0.0,20.11,"{'A': 0, 'C': 0, 'D': 4, 'E': 4, 'F': 2, 'G': 1, 'H': 3, 'I': 3, 'K': 2, 'L': 1, 'M': 1, 'N': 0, 'P': 2, 'Q': 2, 'R': 3, 'S': 1, 'T': 4, 'V': 1, 'W': 6, 'Y': 5}",0.19,"0 hours, 40 minutes, 18 seconds",,NIVG_2,default_filters_1,4stage_multimer_7
NIVG_35,0.0,0.012404,0.0,12,NIVG_l88_s638923,4stage,88,638923,-0.3,,MNDIAVSKMLVEDAVANPSKIVHATYNVMDQFYFWMTSTDKFHPPLTAEEVEMWRALMQVLVREAPPSALALVREMYAEFEMYVAKYM,"B1,B2,B3,B6,B10,B14,B20,B23,B24,B26,B27,B29,B30,B31,B33,B34,B35,B37,B38,B39,B40,B41,B42,B43,B44,B45,B46,B47,B50,B76,B79,B83,B87",0.88,0.94,0.89,0.19,0.2,0.87,0.94,8,1,-232.36,0.35,0.58,0.59,-63.68,2959.27,-2.15,75.72,51.52,33,9,27.27,8.0,24.24,65.52,0.0,34.48,80.68,0.0,19.32,"{'A': 2, 'C': 0, 'D': 3, 'E': 2, 'F': 2, 'G': 0, 'H': 2, 'I': 0, 'K': 2, 'L': 2, 'M': 3, 'N': 2, 'P': 2, 'Q': 1, 'R': 0, 'S': 1, 'T': 3, 'V': 1, 'W': 1, 'Y': 4}",0.16,"0 hours, 25 minutes, 12 seconds",Relaxed structure contains clashes.,NIVG_2,default_filters_1,4stage_multimer_7
NIVG_53,0.0,0.011944,0.0,16,NIVG_l63_s295598,4stage,63,295598,-0.3,"A559,A579,A580,A581,A588,A504",SPAEVKAEVDKLMMQVDNEKGTFHNWVGWEAEYYIWEMDGGSMSPAEVMEKVQKLVTDSINRR,"B6,B9,B10,B13,B14,B17,B18,B19,B20,B21,B22,B23,B24,B25,B26,B28,B29,B30,B31,B32,B33,B34,B35,B36,B40,B59,B62,B63",0.92,0.95,0.9,0.15,0.12,0.9,0.93,22,0,-146.27,0.4,0.56,0.58,-64.87,2996.93,-2.16,104.83,39.29,28,14,50.0,8.0,28.57,71.43,0.0,28.57,79.37,0.0,20.63,"{'A': 1, 'C': 0, 'D': 2, 'E': 3, 'F': 1, 'G': 3, 'H': 1, 'I': 1, 'K': 2, 'L': 0, 'M': 2, 'N': 2, 'P': 0, 'Q': 0, 'R': 2, 'S': 1, 'T': 1, 'V': 1, 'W': 3, 'Y': 2}",0.16,"0 hours, 34 minutes, 30 seconds",,NIVG_8,default_filters_1,4stage_multimer_8
NIVG_63,0.0,0.012409,0.0,2,NIVG_l83_s239319,4stage,83,239319,-0.3,,WESEIMWKASAMDEVFWVFYDWSQLAHNKAPPEKRLRIYDVFSALDDAFMKVIFTIRATPEVYQAILTLARVVARVAYVNMTS,"B5,B6,B8,B9,B10,B12,B13,B14,B16,B17,B20,B21,B24,B27,B28,B35,B36,B39,B40,B43,B46,B47,B50,B51,B54",0.91,0.94,0.89,0.17,0.18,0.93,0.93,5,0,-201.21,0.32,0.6,0.62,-48.5,2180.7,-2.22,51.41,44.0,25,5,20.0,5.0,20.0,100.0,0.0,0.0,90.36,0.0,9.64,"{'A': 1, 'C': 0, 'D': 5, 'E': 1, 'F': 2, 'G': 0, 'H': 1, 'I': 1, 'K': 2, 'L': 1, 'M': 3, 'N': 1, 'P': 0, 'Q': 1, 'R': 1, 'S': 2, 'T': 0, 'V': 0, 'W': 1, 'Y': 2}",0.16,"0 hours, 22 minutes, 9 seconds",,NIVG_2,default_filters_1,4stage_multimer_1
NIVG_66,0.0,0.0,0.0,2,NIVG_l87_s675170,4stage,87,675170,-0.3,,SQEEKETMIMIYDYMMQQFVLIQDDQPFLLEAMAESIIAFLKYHPQMAGRKFLIAMVRKALANEGASVEEKKYVIREVLSVVSKEIR,"B7,B11,B14,B15,B18,B26,B28,B29,B31,B32,B33,B35,B36,B39,B40,B43,B44",0.92,0.94,0.91,0.18,0.19,0.93,0.93,0,0,-216.55,0.33,0.67,0.59,-38.64,1541.39,-2.51,31.69,58.82,17,5,29.41,3.0,17.65,86.67,0.0,13.33,79.31,0.0,20.69,"{'A': 2, 'C': 0, 'D': 0, 'E': 2, 'F': 2, 'G': 0, 'H': 1, 'I': 1, 'K': 0, 'L': 1, 'M': 2, 'N': 0, 'P': 0, 'Q': 2, 'R': 0, 'S': 1, 'T': 1, 'V': 0, 'W': 0, 'Y': 2}",0.17,"0 hours, 23 minutes, 17 seconds",,NIVG_2,default_filters_1,4stage_multimer_1
NIVG_73,0.0,0.01194,0.0,2,NIVG_l141_s161675,4stage,141,161675,-0.3,,GISGLERWEKWYIKEHQEVISILATGFRRKEPMTEVMRRAYEEQDRREKEGTLHSRWMYNRLSPFDKVWDMIFIYERRGEMKQAEVFAAILVQMAAWAEKEGNVEERYHAKYVAHEIATFATPVVKAIFEEAQKEYPFLRM,"B1,B2,B3,B4,B5,B7,B8,B11,B12,B15,B41,B44,B48,B49,B52,B53,B54,B55,B56,B57,B58,B59,B61,B62,B63,B66,B69,B70,B73,B108,B109,B111,B112,B113,B115,B116,B119,B120,B140,B141",0.88,0.94,0.89,0.17,0.19,0.81,0.92,67,0,-311.65,0.31,0.58,0.59,-73.52,3930.75,-1.87,60.42,45.0,40,10,25.0,17.0,42.5,74.29,0.0,25.71,80.85,0.0,19.15,"{'A': 0, 'C': 0, 'D': 2, 'E': 3, 'F': 2, 'G': 2, 'H': 3, 'I': 1, 'K': 2, 'L': 3, 'M': 2, 'N': 0, 'P': 0, 'Q': 1, 'R': 4, 'S': 3, 'T': 2, 'V': 1, 'W': 4, 'Y': 5}",0.18,"0 hours, 36 minutes, 15 seconds",,NIVG_2,default_filters_1,4stage_multimer_1
NIVG_79,0.0,0.0,0.0,5,NIVG_l104_s55742,4stage,104,55742,-0.3,"340-350,360-365,385-395,420-425,435-445",MHPYVTAYYELTEQVVPRWADITPKEEDQKEVQEILETNPDVMEYIMKMAEALRRAEHEWAVQGGWSPEDTEMYVELVMEDFHNFFMTYPDPLRTLVKYIEAES,"B1,B8,B9,B12,B15,B16,B17,B19,B20,B21,B22,B23,B24,B53,B57,B60,B61,B63,B64,B65,B66,B67,B69,B70,B73,B74,B77,B78,B80,B81,B82,B84,B85,B88,B89,B92",0.9,0.94,0.9,0.18,0.18,0.88,0.91,21,0,-258.93,0.32,0.58,0.64,-60.86,2646.96,-2.3,46.82,61.11,36,12,33.33,8.0,22.22,66.67,0.0,33.33,85.58,0.0,14.42,"{'A': 2, 'C': 0, 'D': 3, 'E': 3, 'F': 2, 'G': 2, 'H': 0, 'I': 1, 'K': 0, 'L': 2, 'M': 2, 'N': 1, 'P': 3, 'Q': 1, 'R': 0, 'S': 1, 'T': 3, 'V': 3, 'W': 3, 'Y': 4}",0.16,"0 hours, 28 minutes, 51 seconds",,NIVG_5,default_filters_1,4stage_multimer_1
